Subject,Start Date,Start Time,End Date,End Time,All Day Event,Description,Private
Ocultation by Ananke,02/18/2016,15:28,02/18/2016,15:28,False,"Coord Star: 11 31 59.3078 +04 18 25.0920
C/A: 0.118 arcsec
P/A 198.88 deg
Velocity: -15.87 km/s
Distance: 4.53 AU
MagR: 14.5
",False
Ocultation by Ananke,03/28/2016,09:07,03/28/2016,09:07,False,"Coord Star: 11 12 45.3316 +05 57 30.0800
C/A: 0.831 arcsec
P/A 18.69 deg
Velocity: -16.94 km/s
Distance: 4.57 AU
MagR: 13.3
",False
Ocultation by Ananke,07/16/2016,18:02,07/16/2016,18:02,False,"Coord Star: 11 19 37.7037 +04 41 32.1950
C/A: 1.429 arcsec
P/A 23.13 deg
Velocity: 27.35 km/s
Distance: 6.1 AU
MagR: 14.3
",False
Ocultation by Ananke,08/11/2016,06:59,08/11/2016,06:59,False,"Coord Star: 11 35 16.5387 +03 02 10.4220
C/A: 1.678 arcsec
P/A 202.92 deg
Velocity: 34.92 km/s
Distance: 6.37 AU
MagR: 15.4
",False
Ocultation by Ananke,11/01/2016,16:25,11/01/2016,16:25,False,"Coord Star: 12 36 20.9712 -03 15 54.1170
C/A: 0.149 arcsec
P/A 21.56 deg
Velocity: 37.66 km/s
Distance: 6.34 AU
MagR: 13.6
",False
Ocultation by Ananke,11/01/2016,16:59,11/01/2016,16:59,False,"Coord Star: 12 36 21.9616 -03 16 01.1840
C/A: 1.275 arcsec
P/A 21.55 deg
Velocity: 37.65 km/s
Distance: 6.34 AU
MagR: 16.7
",False
Ocultation by Ananke,11/07/2016,22:17,11/07/2016,22:17,False,"Coord Star: 12 40 52.3402 -03 42 30.0960
C/A: 0.808 arcsec
P/A 21.32 deg
Velocity: 36.37 km/s
Distance: 6.28 AU
MagR: 17.0
",False
Ocultation by Ananke,11/13/2016,10:02,11/13/2016,10:02,False,"Coord Star: 12 44 45.2518 -04 05 02.9330
C/A: 1.48 arcsec
P/A 21.08 deg
Velocity: 35.07 km/s
Distance: 6.22 AU
MagR: 16.0
",False
Ocultation by Ananke,11/23/2016,03:12,11/23/2016,03:12,False,"Coord Star: 12 51 21.9394 -04 42 40.5950
C/A: 0.535 arcsec
P/A 200.6 deg
Velocity: 32.43 km/s
Distance: 6.1 AU
MagR: 16.6
",False
Ocultation by Ananke,11/26/2016,15:32,11/26/2016,15:32,False,"Coord Star: 12 53 39.6069 -04 55 31.4770
C/A: 0.711 arcsec
P/A 20.41 deg
Velocity: 31.35 km/s
Distance: 6.05 AU
MagR: 14.1
",False
Ocultation by Ananke,12/03/2016,07:47,12/03/2016,07:47,False,"Coord Star: 12 57 51.3077 -05 18 36.3020
C/A: 1.748 arcsec
P/A 19.99 deg
Velocity: 29.13 km/s
Distance: 5.96 AU
MagR: 10.5
",False
Ocultation by Ananke,12/07/2016,11:23,12/07/2016,11:23,False,"Coord Star: 13 00 20.4898 -05 31 59.3140
C/A: 1.043 arcsec
P/A 19.69 deg
Velocity: 27.64 km/s
Distance: 5.9 AU
MagR: 13.9
",False
Ocultation by Ananke,02/13/2017,20:51,02/13/2017,20:51,False,"Coord Star: 13 20 55.5558 -06 51 31.7200
C/A: 1.747 arcsec
P/A 55.16 deg
Velocity: -3.25 km/s
Distance: 4.78 AU
MagR: 12.0
",False
Ocultation by Ananke,04/03/2017,06:26,04/03/2017,06:26,False,"Coord Star: 13 07 41.6706 -04 56 31.1470
C/A: 1.359 arcsec
P/A 26.38 deg
Velocity: -15.08 km/s
Distance: 4.36 AU
MagR: 15.8
",False
Ocultation by Ananke,04/11/2017,02:56,04/11/2017,02:56,False,"Coord Star: 13 04 27.2382 -04 32 47.3940
C/A: 1.888 arcsec
P/A 205.71 deg
Velocity: -14.93 km/s
Distance: 4.35 AU
MagR: 15.3
",False
Ocultation by Ananke,05/01/2017,03:59,05/01/2017,03:59,False,"Coord Star: 12 56 54.8795 -03 40 30.7310
C/A: 1.501 arcsec
P/A 203.87 deg
Velocity: -11.75 km/s
Distance: 4.42 AU
MagR: 14.4
",False
Ocultation by Ananke,05/02/2017,03:43,05/02/2017,03:43,False,"Coord Star: 12 56 35.9797 -03 38 25.7490
C/A: 1.62 arcsec
P/A 203.75 deg
Velocity: -11.5 km/s
Distance: 4.43 AU
MagR: 15.5
",False
Ocultation by Ananke,07/27/2017,11:04,07/27/2017,11:04,False,"Coord Star: 13 05 12.2828 -05 05 17.8850
C/A: 0.549 arcsec
P/A 26.93 deg
Velocity: 23.14 km/s
Distance: 5.63 AU
MagR: 16.6
",False
Ocultation by Ananke,08/03/2017,21:59,08/03/2017,21:59,False,"Coord Star: 13 09 00.7302 -05 33 55.6790
C/A: 0.126 arcsec
P/A 26.55 deg
Velocity: 25.81 km/s
Distance: 5.75 AU
MagR: 15.2
",False
Ocultation by Ananke,08/05/2017,06:27,08/05/2017,06:27,False,"Coord Star: 13 09 44.3857 -05 39 21.0530
C/A: 0.44 arcsec
P/A 26.48 deg
Velocity: 26.27 km/s
Distance: 5.77 AU
MagR: 16.8
",False
Ocultation by Ananke,08/18/2017,13:35,08/18/2017,13:35,False,"Coord Star: 13 17 25.5265 -06 35 36.2980
C/A: 0.796 arcsec
P/A 25.82 deg
Velocity: 30.48 km/s
Distance: 5.97 AU
MagR: 15.9
",False
Ocultation by Ananke,08/27/2017,05:04,08/27/2017,05:04,False,"Coord Star: 13 22 53.3278 -07 14 32.8270
C/A: 0.803 arcsec
P/A 205.38 deg
Velocity: 32.87 km/s
Distance: 6.09 AU
MagR: 16.4
",False
Ocultation by Ananke,12/12/2017,00:35,12/12/2017,00:35,False,"Coord Star: 14 42 11.5647 -15 14 37.6370
C/A: 1.691 arcsec
P/A 19.29 deg
Velocity: 34.2 km/s
Distance: 6.31 AU
MagR: 14.2
",False
Ocultation by Ananke,12/15/2017,22:59,12/15/2017,22:59,False,"Coord Star: 14 44 55.3604 -15 28 18.4380
C/A: 1.39 arcsec
P/A 199.07 deg
Velocity: 33.14 km/s
Distance: 6.27 AU
MagR: 16.9
",False
Ocultation by Ananke,12/19/2017,10:54,12/19/2017,10:54,False,"Coord Star: 14 47 17.5831 -15 40 08.5080
C/A: 1.61 arcsec
P/A 18.89 deg
Velocity: 32.13 km/s
Distance: 6.23 AU
MagR: 16.1
",False
Ocultation by Ananke,12/22/2017,09:13,12/22/2017,09:13,False,"Coord Star: 14 49 14.2765 -15 49 40.0860
C/A: 0.738 arcsec
P/A 198.74 deg
Velocity: 31.23 km/s
Distance: 6.2 AU
MagR: 16.5
",False
Ocultation by Ananke,12/23/2017,04:20,12/23/2017,04:20,False,"Coord Star: 14 49 45.5211 -15 52 14.1930
C/A: 0.499 arcsec
P/A 18.71 deg
Velocity: 30.98 km/s
Distance: 6.19 AU
MagR: 16.6
",False
Ocultation by Ananke,12/23/2017,19:24,12/23/2017,19:24,False,"Coord Star: 14 50 10.0490 -15 54 14.4510
C/A: 1.043 arcsec
P/A 18.67 deg
Velocity: 30.78 km/s
Distance: 6.18 AU
MagR: 16.0
",False
Ocultation by Carme,02/17/2016,13:53,02/17/2016,13:53,False,"Coord Star: 11 34 19.9949 +03 55 48.2720
C/A: 1.455 arcsec
P/A 205.83 deg
Velocity: -16.2 km/s
Distance: 4.6 AU
MagR: 15.7
",False
Ocultation by Carme,03/06/2016,23:17,03/06/2016,23:17,False,"Coord Star: 11 25 41.1815 +04 56 53.2230
C/A: 1.879 arcsec
P/A 24.88 deg
Velocity: -18.93 km/s
Distance: 4.54 AU
MagR: 14.7
",False
Ocultation by Carme,03/17/2016,16:50,03/17/2016,16:50,False,"Coord Star: 11 20 17.3034 +05 33 57.4650
C/A: 1.154 arcsec
P/A 24.5 deg
Velocity: -18.73 km/s
Distance: 4.56 AU
MagR: 16.4
",False
Ocultation by Carme,03/25/2016,22:17,03/25/2016,22:17,False,"Coord Star: 11 16 18.3537 +06 00 54.0320
C/A: 0.22 arcsec
P/A 204.24 deg
Velocity: -17.71 km/s
Distance: 4.59 AU
MagR: 14.8
",False
Ocultation by Carme,04/18/2016,16:57,04/18/2016,16:57,False,"Coord Star: 11 07 06.8290 +07 01 43.2600
C/A: 0.735 arcsec
P/A 23.68 deg
Velocity: -11.18 km/s
Distance: 4.8 AU
MagR: 14.2
",False
Ocultation by Carme,06/22/2016,14:21,06/22/2016,14:21,False,"Coord Star: 11 10 47.3953 +06 39 53.5990
C/A: 0.364 arcsec
P/A 22.84 deg
Velocity: 17.43 km/s
Distance: 5.77 AU
MagR: 15.3
",False
Ocultation by Carme,06/23/2016,23:16,06/23/2016,23:16,False,"Coord Star: 11 11 18.4256 +06 36 40.2380
C/A: 0.944 arcsec
P/A 202.85 deg
Velocity: 18.0 km/s
Distance: 5.79 AU
MagR: 16.4
",False
Ocultation by Carme,07/05/2016,04:15,07/05/2016,04:15,False,"Coord Star: 11 16 03.8807 +06 06 41.4880
C/A: 1.599 arcsec
P/A 22.91 deg
Velocity: 22.57 km/s
Distance: 5.95 AU
MagR: 16.4
",False
Ocultation by Carme,07/10/2016,09:19,07/10/2016,09:19,False,"Coord Star: 11 18 34.9884 +05 50 51.2940
C/A: 1.441 arcsec
P/A 202.95 deg
Velocity: 24.56 km/s
Distance: 6.02 AU
MagR: 15.8
",False
Ocultation by Carme,07/17/2016,11:14,07/17/2016,11:14,False,"Coord Star: 11 22 16.7652 +05 27 28.0900
C/A: 1.278 arcsec
P/A 202.99 deg
Velocity: 27.1 km/s
Distance: 6.11 AU
MagR: 16.8
",False
Ocultation by Carme,07/27/2016,18:41,07/27/2016,18:41,False,"Coord Star: 11 28 10.4990 +04 50 01.2040
C/A: 0.883 arcsec
P/A 203.07 deg
Velocity: 30.5 km/s
Distance: 6.22 AU
MagR: 13.3
",False
Ocultation by Carme,08/07/2016,03:14,08/07/2016,03:14,False,"Coord Star: 11 34 38.2022 +04 08 45.8150
C/A: 1.744 arcsec
P/A 23.13 deg
Velocity: 33.54 km/s
Distance: 6.32 AU
MagR: 14.6
",False
Ocultation by Carme,11/02/2016,08:38,11/02/2016,08:38,False,"Coord Star: 12 40 19.2091 -02 53 13.9160
C/A: 1.384 arcsec
P/A 22.98 deg
Velocity: 39.64 km/s
Distance: 6.25 AU
MagR: 15.4
",False
Ocultation by Carme,11/17/2016,05:58,11/17/2016,05:58,False,"Coord Star: 12 51 35.6950 -04 04 25.5770
C/A: 0.473 arcsec
P/A 202.76 deg
Velocity: 36.6 km/s
Distance: 6.08 AU
MagR: 17.2
",False
Ocultation by Carme,12/08/2016,11:41,12/08/2016,11:41,False,"Coord Star: 13 06 18.4303 -05 35 50.3050
C/A: 0.697 arcsec
P/A 22.36 deg
Velocity: 30.1 km/s
Distance: 5.79 AU
MagR: 16.7
",False
Ocultation by Carme,12/15/2016,06:33,12/15/2016,06:33,False,"Coord Star: 13 10 30.3245 -06 01 28.6070
C/A: 1.723 arcsec
P/A 202.22 deg
Velocity: 27.55 km/s
Distance: 5.69 AU
MagR: 16.4
",False
Ocultation by Carme,12/16/2016,05:10,12/16/2016,05:10,False,"Coord Star: 13 11 03.8504 -06 04 54.7540
C/A: 0.105 arcsec
P/A 22.21 deg
Velocity: 27.18 km/s
Distance: 5.67 AU
MagR: 13.7
",False
Ocultation by Carme,12/26/2016,23:03,12/26/2016,23:03,False,"Coord Star: 13 16 59.2232 -06 40 43.9260
C/A: 0.971 arcsec
P/A 201.98 deg
Velocity: 22.67 km/s
Distance: 5.5 AU
MagR: 16.5
",False
Ocultation by Carme,12/27/2016,08:56,12/27/2016,08:56,False,"Coord Star: 13 17 11.7178 -06 42 00.6570
C/A: 0.508 arcsec
P/A 21.98 deg
Velocity: 22.49 km/s
Distance: 5.5 AU
MagR: 12.2
",False
Ocultation by Carme,12/28/2016,23:15,12/28/2016,23:15,False,"Coord Star: 13 17 59.4900 -06 46 48.2050
C/A: 1.039 arcsec
P/A 21.95 deg
Velocity: 21.77 km/s
Distance: 5.47 AU
MagR: 15.5
",False
Ocultation by Carme,01/02/2017,13:37,01/02/2017,13:37,False,"Coord Star: 13 20 09.6885 -06 59 48.0990
C/A: 1.225 arcsec
P/A 21.87 deg
Velocity: 19.67 km/s
Distance: 5.4 AU
MagR: 16.3
",False
Ocultation by Carme,02/15/2017,17:20,02/15/2017,17:20,False,"Coord Star: 13 29 40.1656 -07 56 23.0580
C/A: 0.264 arcsec
P/A 18.87 deg
Velocity: -1.63 km/s
Distance: 4.72 AU
MagR: 12.3
",False
Ocultation by Carme,03/01/2017,14:02,03/01/2017,14:02,False,"Coord Star: 13 27 55.4130 -07 46 51.5430
C/A: 0.981 arcsec
P/A 200.36 deg
Velocity: -7.46 km/s
Distance: 4.55 AU
MagR: 13.3
",False
Ocultation by Carme,03/30/2017,05:21,03/30/2017,05:21,False,"Coord Star: 13 18 22.8440 -06 53 59.4920
C/A: 0.449 arcsec
P/A 20.4 deg
Velocity: -14.91 km/s
Distance: 4.36 AU
MagR: 14.8
",False
Ocultation by Carme,04/17/2017,08:28,04/17/2017,08:28,False,"Coord Star: 13 10 21.7561 -06 09 46.4740
C/A: 1.621 arcsec
P/A 200.12 deg
Velocity: -15.33 km/s
Distance: 4.36 AU
MagR: 15.4
",False
Ocultation by Carme,04/22/2017,19:38,04/22/2017,19:38,False,"Coord Star: 13 08 00.3055 -05 56 57.2360
C/A: 1.123 arcsec
P/A 199.96 deg
Velocity: -14.79 km/s
Distance: 4.39 AU
MagR: 16.1
",False
Ocultation by Carme,04/28/2017,10:46,04/28/2017,10:46,False,"Coord Star: 13 05 42.0991 -05 44 34.8540
C/A: 0.756 arcsec
P/A 19.72 deg
Velocity: -13.9 km/s
Distance: 4.42 AU
MagR: 12.4
",False
Ocultation by Carme,05/20/2017,17:20,05/20/2017,17:20,False,"Coord Star: 12 58 45.5605 -05 09 05.7490
C/A: 0.146 arcsec
P/A 17.13 deg
Velocity: -7.79 km/s
Distance: 4.62 AU
MagR: 12.3
",False
Ocultation by Carme,07/18/2017,07:54,07/18/2017,07:54,False,"Coord Star: 13 04 07.6296 -06 00 08.4620
C/A: 0.669 arcsec
P/A 24.47 deg
Velocity: 17.22 km/s
Distance: 5.52 AU
MagR: 15.1
",False
Ocultation by Carme,08/06/2017,15:56,08/06/2017,15:56,False,"Coord Star: 13 12 54.6642 -06 57 53.4340
C/A: 1.369 arcsec
P/A 203.32 deg
Velocity: 24.95 km/s
Distance: 5.83 AU
MagR: 16.3
",False
Ocultation by Carme,09/01/2017,08:43,09/01/2017,08:43,False,"Coord Star: 13 28 21.6267 -08 34 03.6230
C/A: 0.829 arcsec
P/A 202.19 deg
Velocity: 33.34 km/s
Distance: 6.18 AU
MagR: 10.7
",False
Ocultation by Carme,09/02/2017,02:55,09/02/2017,02:55,False,"Coord Star: 13 28 52.0839 -08 37 09.0880
C/A: 0.389 arcsec
P/A 22.17 deg
Velocity: 33.54 km/s
Distance: 6.19 AU
MagR: 16.9
",False
Ocultation by Carme,09/03/2017,22:21,09/03/2017,22:21,False,"Coord Star: 13 30 05.4735 -08 44 31.6750
C/A: 0.549 arcsec
P/A 22.09 deg
Velocity: 34.03 km/s
Distance: 6.21 AU
MagR: 16.6
",False
Ocultation by Carme,12/23/2017,16:50,12/23/2017,16:50,False,"Coord Star: 14 54 29.4898 -15 57 06.7120
C/A: 1.679 arcsec
P/A 195.95 deg
Velocity: 31.57 km/s
Distance: 6.23 AU
MagR: 13.0
",False
Ocultation by Elara,03/17/2016,14:12,03/17/2016,14:12,False,"Coord Star: 11 12 58.9800 +07 04 40.6850
C/A: 0.898 arcsec
P/A 25.85 deg
Velocity: -14.26 km/s
Distance: 4.52 AU
MagR: 15.8
",False
Ocultation by Elara,03/26/2016,18:35,03/26/2016,18:35,False,"Coord Star: 11 09 40.9338 +07 27 46.7950
C/A: 0.299 arcsec
P/A 24.42 deg
Velocity: -12.66 km/s
Distance: 4.56 AU
MagR: 15.9
",False
Ocultation by Elara,04/11/2016,02:31,04/11/2016,02:31,False,"Coord Star: 11 05 16.7829 +07 55 18.8740
C/A: 1.853 arcsec
P/A 20.46 deg
Velocity: -8.58 km/s
Distance: 4.67 AU
MagR: 14.0
",False
Ocultation by Elara,06/02/2016,02:26,06/02/2016,02:26,False,"Coord Star: 11 05 20.0484 +07 22 52.6480
C/A: 0.353 arcsec
P/A 215.02 deg
Velocity: 10.8 km/s
Distance: 5.31 AU
MagR: 13.4
",False
Ocultation by Elara,06/19/2016,23:23,06/19/2016,23:23,False,"Coord Star: 11 10 28.7365 +06 34 09.4320
C/A: 0.382 arcsec
P/A 30.53 deg
Velocity: 16.95 km/s
Distance: 5.55 AU
MagR: 11.7
",False
Ocultation by Elara,06/27/2016,08:23,06/27/2016,08:23,False,"Coord Star: 11 13 14.5985 +06 10 35.2010
C/A: 0.392 arcsec
P/A 29.05 deg
Velocity: 19.4 km/s
Distance: 5.65 AU
MagR: 15.1
",False
Ocultation by Elara,07/01/2016,07:29,07/01/2016,07:29,False,"Coord Star: 11 14 52.6082 +05 57 15.2680
C/A: 0.581 arcsec
P/A 28.32 deg
Velocity: 20.72 km/s
Distance: 5.71 AU
MagR: 15.8
",False
Ocultation by Elara,07/03/2016,10:58,07/03/2016,10:58,False,"Coord Star: 11 15 48.2618 +05 49 52.1590
C/A: 0.018 arcsec
P/A 27.76 deg
Velocity: 21.44 km/s
Distance: 5.74 AU
MagR: 13.3
",False
Ocultation by Elara,07/10/2016,00:13,07/10/2016,00:13,False,"Coord Star: 11 18 49.2400 +05 26 34.1660
C/A: 0.037 arcsec
P/A 206.86 deg
Velocity: 23.61 km/s
Distance: 5.82 AU
MagR: 14.9
",False
Ocultation by Elara,07/31/2016,23:49,07/31/2016,23:49,False,"Coord Star: 11 30 50.2216 +04 01 39.9890
C/A: 1.132 arcsec
P/A 204.11 deg
Velocity: 30.58 km/s
Distance: 6.08 AU
MagR: 16.3
",False
Ocultation by Elara,08/04/2016,08:53,08/04/2016,08:53,False,"Coord Star: 11 32 55.3618 +03 47 47.7350
C/A: 1.242 arcsec
P/A 203.82 deg
Velocity: 31.58 km/s
Distance: 6.12 AU
MagR: 16.3
",False
Ocultation by Elara,12/07/2016,21:08,12/07/2016,21:08,False,"Coord Star: 13 05 31.3637 -05 18 37.4200
C/A: 0.132 arcsec
P/A 20.13 deg
Velocity: 30.14 km/s
Distance: 5.96 AU
MagR: 16.9
",False
Ocultation by Elara,12/25/2016,18:00,12/25/2016,18:00,False,"Coord Star: 13 15 48.1804 -06 14 45.1980
C/A: 0.121 arcsec
P/A 200.16 deg
Velocity: 23.42 km/s
Distance: 5.71 AU
MagR: 14.9
",False
Ocultation by Elara,12/29/2016,10:26,12/29/2016,10:26,False,"Coord Star: 13 17 38.2797 -06 24 51.2940
C/A: 1.745 arcsec
P/A 20.26 deg
Velocity: 21.86 km/s
Distance: 5.65 AU
MagR: 14.8
",False
Ocultation by Elara,01/19/2017,17:41,01/19/2017,17:41,False,"Coord Star: 13 25 51.2884 -07 11 27.5920
C/A: 1.495 arcsec
P/A 202.22 deg
Velocity: 11.97 km/s
Distance: 5.31 AU
MagR: 15.7
",False
Ocultation by Elara,01/26/2017,21:59,01/26/2017,21:59,False,"Coord Star: 13 27 33.4504 -07 22 19.1250
C/A: 1.209 arcsec
P/A 24.39 deg
Velocity: 8.34 km/s
Distance: 5.19 AU
MagR: 13.7
",False
Ocultation by Elara,02/21/2017,15:28,02/21/2017,15:28,False,"Coord Star: 13 28 17.7167 -07 36 14.1770
C/A: 0.831 arcsec
P/A 188.15 deg
Velocity: -5.31 km/s
Distance: 4.79 AU
MagR: 12.4
",False
Ocultation by Elara,03/01/2017,08:03,03/01/2017,08:03,False,"Coord Star: 13 26 45.3848 -07 31 37.6950
C/A: 1.582 arcsec
P/A 193.27 deg
Velocity: -9.13 km/s
Distance: 4.69 AU
MagR: 14.4
",False
Ocultation by Elara,03/14/2017,12:43,03/14/2017,12:43,False,"Coord Star: 13 22 18.1824 -07 13 20.4750
C/A: 1.786 arcsec
P/A 16.93 deg
Velocity: -14.8 km/s
Distance: 4.54 AU
MagR: 15.3
",False
Ocultation by Elara,04/06/2017,19:35,04/06/2017,19:35,False,"Coord Star: 13 10 22.3562 -06 12 23.8840
C/A: 0.275 arcsec
P/A 20.42 deg
Velocity: -20.17 km/s
Distance: 4.4 AU
MagR: 14.3
",False
Ocultation by Elara,04/16/2017,21:04,04/16/2017,21:04,False,"Coord Star: 13 04 36.7983 -05 39 24.8480
C/A: 1.195 arcsec
P/A 201.52 deg
Velocity: -20.13 km/s
Distance: 4.4 AU
MagR: 14.7
",False
Ocultation by Elara,04/21/2017,05:19,04/21/2017,05:19,False,"Coord Star: 13 02 11.2142 -05 24 57.3400
C/A: 1.699 arcsec
P/A 201.97 deg
Velocity: -19.68 km/s
Distance: 4.41 AU
MagR: 14.4
",False
Ocultation by Elara,04/21/2017,12:00,04/21/2017,12:00,False,"Coord Star: 13 02 02.0271 -05 24 01.9110
C/A: 1.753 arcsec
P/A 201.99 deg
Velocity: -19.64 km/s
Distance: 4.41 AU
MagR: 16.5
",False
Ocultation by Elara,05/22/2017,06:24,05/22/2017,06:24,False,"Coord Star: 12 48 59.4163 -03 59 37.4280
C/A: 0.906 arcsec
P/A 205.61 deg
Velocity: -10.14 km/s
Distance: 4.66 AU
MagR: 15.5
",False
Ocultation by Elara,08/02/2017,05:57,08/02/2017,05:57,False,"Coord Star: 13 01 32.7480 -05 01 11.5880
C/A: 1.471 arcsec
P/A 21.79 deg
Velocity: 25.53 km/s
Distance: 5.79 AU
MagR: 16.3
",False
Ocultation by Elara,08/18/2017,23:45,08/18/2017,23:45,False,"Coord Star: 13 11 40.5214 -06 02 12.5870
C/A: 0.94 arcsec
P/A 202.13 deg
Velocity: 32.37 km/s
Distance: 6.03 AU
MagR: 14.4
",False
Ocultation by Elara,09/18/2017,03:02,09/18/2017,03:02,False,"Coord Star: 13 34 01.9950 -08 18 29.2870
C/A: 0.348 arcsec
P/A 22.35 deg
Velocity: 41.55 km/s
Distance: 6.36 AU
MagR: 12.3
",False
Ocultation by Elara,12/09/2017,01:16,12/09/2017,01:16,False,"Coord Star: 14 43 14.2601 -15 00 37.6090
C/A: 1.805 arcsec
P/A 199.22 deg
Velocity: 36.73 km/s
Distance: 6.21 AU
MagR: 17.0
",False
Ocultation by Elara,12/12/2017,14:32,12/12/2017,14:32,False,"Coord Star: 14 45 55.6214 -15 14 05.7670
C/A: 0.216 arcsec
P/A 18.86 deg
Velocity: 35.56 km/s
Distance: 6.17 AU
MagR: 16.8
",False
Ocultation by Elara,12/18/2017,14:49,12/18/2017,14:49,False,"Coord Star: 14 50 20.1144 -15 35 26.3860
C/A: 1.557 arcsec
P/A 18.14 deg
Velocity: 33.47 km/s
Distance: 6.09 AU
MagR: 15.3
",False
Ocultation by Himalia,04/15/2016,07:49,04/15/2016,07:49,False,"Coord Star: 11 01 28.1338 +07 29 06.9830
C/A: 0.453 arcsec
P/A 27.2 deg
Velocity: -13.22 km/s
Distance: 4.58 AU
MagR: 19.6
",False
Ocultation by Himalia,04/16/2016,17:43,04/16/2016,17:43,False,"Coord Star: 11 00 59.8683 +07 32 46.8800
C/A: 1.613 arcsec
P/A 207.54 deg
Velocity: -12.64 km/s
Distance: 4.6 AU
MagR: 14.0
",False
Ocultation by Himalia,04/17/2016,06:26,04/17/2016,06:26,False,"Coord Star: 11 00 49.5996 +07 34 06.0520
C/A: 1.01 arcsec
P/A 207.68 deg
Velocity: -12.43 km/s
Distance: 4.6 AU
MagR: 15.0
",False
Ocultation by Himalia,06/21/2016,05:05,06/21/2016,05:05,False,"Coord Star: 11 07 41.6793 +07 17 24.3050
C/A: 0.596 arcsec
P/A 22.87 deg
Velocity: 21.99 km/s
Distance: 5.65 AU
MagR: 14.3
",False
Ocultation by Himalia,07/06/2016,22:26,07/06/2016,22:26,False,"Coord Star: 11 16 10.2917 +06 22 03.4230
C/A: 1.003 arcsec
P/A 24.27 deg
Velocity: 28.85 km/s
Distance: 5.9 AU
MagR: 16.0
",False
Ocultation by Himalia,07/12/2016,11:04,07/12/2016,11:04,False,"Coord Star: 11 19 32.7549 +05 59 11.4900
C/A: 0.768 arcsec
P/A 24.59 deg
Velocity: 30.94 km/s
Distance: 5.98 AU
MagR: 15.5
",False
Ocultation by Himalia,08/05/2016,10:56,08/05/2016,10:56,False,"Coord Star: 11 35 55.5599 +04 04 39.2030
C/A: 1.149 arcsec
P/A 25.39 deg
Velocity: 38.16 km/s
Distance: 6.27 AU
MagR: 16.1
",False
Ocultation by Himalia,11/03/2016,13:32,11/03/2016,13:32,False,"Coord Star: 12 45 56.4954 -04 04 08.0410
C/A: 1.39 arcsec
P/A 203.37 deg
Velocity: 37.56 km/s
Distance: 6.29 AU
MagR: 15.1
",False
Ocultation by Himalia,11/07/2016,14:34,11/07/2016,14:34,False,"Coord Star: 12 48 51.1765 -04 22 52.8720
C/A: 1.48 arcsec
P/A 23.09 deg
Velocity: 36.46 km/s
Distance: 6.25 AU
MagR: 15.2
",False
Ocultation by Himalia,11/10/2016,03:17,11/10/2016,03:17,False,"Coord Star: 12 50 38.6536 -04 34 13.1540
C/A: 0.019 arcsec
P/A 202.82 deg
Velocity: 35.71 km/s
Distance: 6.22 AU
MagR: 15.4
",False
Ocultation by Himalia,11/23/2016,02:40,11/23/2016,02:40,False,"Coord Star: 12 59 22.5083 -05 27 47.5870
C/A: 0.005 arcsec
P/A 201.62 deg
Velocity: 31.43 km/s
Distance: 6.06 AU
MagR: 14.9
",False
Ocultation by Himalia,11/23/2016,20:45,11/23/2016,20:45,False,"Coord Star: 12 59 51.3573 -05 30 38.5780
C/A: 0.138 arcsec
P/A 21.6 deg
Velocity: 31.16 km/s
Distance: 6.05 AU
MagR: 15.8
",False
Ocultation by Himalia,11/27/2016,10:54,11/27/2016,10:54,False,"Coord Star: 13 02 06.1707 -05 43 47.6670
C/A: 1.242 arcsec
P/A 21.16 deg
Velocity: 29.8 km/s
Distance: 6.01 AU
MagR: 16.6
",False
Ocultation by Himalia,12/10/2016,11:41,12/10/2016,11:41,False,"Coord Star: 13 09 34.4137 -06 24 54.8670
C/A: 0.564 arcsec
P/A 199.19 deg
Velocity: 24.41 km/s
Distance: 5.82 AU
MagR: 15.9
",False
Ocultation by Himalia,12/12/2016,07:11,12/12/2016,07:11,False,"Coord Star: 13 10 31.0663 -06 29 45.4990
C/A: 1.0 arcsec
P/A 198.84 deg
Velocity: 23.61 km/s
Distance: 5.79 AU
MagR: 15.5
",False
Ocultation by Himalia,01/08/2017,01:18,01/08/2017,01:18,False,"Coord Star: 13 21 13.8505 -07 14 12.8220
C/A: 0.639 arcsec
P/A 189.54 deg
Velocity: 11.26 km/s
Distance: 5.37 AU
MagR: 13.3
",False
Ocultation by Himalia,04/05/2017,12:18,04/05/2017,12:18,False,"Coord Star: 13 09 26.2961 -05 16 07.2640
C/A: 1.593 arcsec
P/A 198.81 deg
Velocity: -14.74 km/s
Distance: 4.53 AU
MagR: 10.9
",False
Ocultation by Himalia,04/15/2017,01:50,04/15/2017,01:50,False,"Coord Star: 13 05 32.4988 -04 57 10.7950
C/A: 0.012 arcsec
P/A 197.21 deg
Velocity: -14.36 km/s
Distance: 4.54 AU
MagR: 15.0
",False
Ocultation by Himalia,05/05/2017,20:41,05/05/2017,20:41,False,"Coord Star: 12 58 02.0012 -04 26 07.8030
C/A: 0.79 arcsec
P/A 193.01 deg
Velocity: -10.92 km/s
Distance: 4.64 AU
MagR: 14.3
",False
Ocultation by Himalia,05/07/2017,14:55,05/07/2017,14:55,False,"Coord Star: 12 57 30.5071 -04 24 22.3910
C/A: 0.324 arcsec
P/A 12.48 deg
Velocity: -10.48 km/s
Distance: 4.66 AU
MagR: 15.1
",False
Ocultation by Himalia,09/17/2017,16:36,09/17/2017,16:36,False,"Coord Star: 13 33 43.7810 -08 42 29.4430
C/A: 1.404 arcsec
P/A 18.88 deg
Velocity: 35.02 km/s
Distance: 6.22 AU
MagR: 16.7
",False
Ocultation by Himalia,12/02/2017,07:06,12/02/2017,07:06,False,"Coord Star: 14 34 21.4257 -13 44 22.7140
C/A: 0.711 arcsec
P/A 18.76 deg
Velocity: 39.85 km/s
Distance: 6.32 AU
MagR: 16.4
",False
Ocultation by Himalia,12/07/2017,00:38,12/07/2017,00:38,False,"Coord Star: 14 38 10.8849 -14 03 15.3570
C/A: 0.959 arcsec
P/A 18.7 deg
Velocity: 39.05 km/s
Distance: 6.29 AU
MagR: 16.7
",False
Ocultation by Himalia,12/10/2017,05:17,12/10/2017,05:17,False,"Coord Star: 14 40 43.9046 -14 15 47.2950
C/A: 0.753 arcsec
P/A 18.66 deg
Velocity: 38.43 km/s
Distance: 6.26 AU
MagR: 13.8
",False
Ocultation by Himalia,12/19/2017,17:06,12/19/2017,17:06,False,"Coord Star: 14 48 07.2738 -14 51 52.5050
C/A: 1.747 arcsec
P/A 18.51 deg
Velocity: 36.18 km/s
Distance: 6.17 AU
MagR: 14.3
",False
Ocultation by Himalia,12/26/2017,10:18,12/26/2017,10:18,False,"Coord Star: 14 53 08.1415 -15 16 03.5390
C/A: 1.637 arcsec
P/A 198.4 deg
Velocity: 34.25 km/s
Distance: 6.1 AU
MagR: 16.9
",False
Ocultation by Himalia,12/28/2017,13:50,12/28/2017,13:50,False,"Coord Star: 14 54 41.5491 -15 23 35.6580
C/A: 1.148 arcsec
P/A 18.37 deg
Velocity: 33.59 km/s
Distance: 6.08 AU
MagR: 16.5
",False
Ocultation by Leda,01/28/2016,23:26,01/28/2016,23:26,False,"Coord Star: 11 31 44.3354 +04 10 17.3790
C/A: 0.001 arcsec
P/A 213.85 deg
Velocity: -6.64 km/s
Distance: 4.71 AU
MagR: 13.3
",False
Ocultation by Leda,03/07/2016,00:08,03/07/2016,00:08,False,"Coord Star: 11 21 08.1282 +05 51 23.2190
C/A: 0.432 arcsec
P/A 30.74 deg
Velocity: -14.74 km/s
Distance: 4.49 AU
MagR: 14.2
",False
Ocultation by Leda,08/06/2016,20:03,08/06/2016,20:03,False,"Coord Star: 11 33 51.2181 +03 54 36.0200
C/A: 0.582 arcsec
P/A 205.91 deg
Velocity: 34.22 km/s
Distance: 6.15 AU
MagR: 16.6
",False
Ocultation by Leda,08/17/2016,11:25,08/17/2016,11:25,False,"Coord Star: 11 41 10.6804 +03 01 59.5390
C/A: 0.345 arcsec
P/A 25.32 deg
Velocity: 37.18 km/s
Distance: 6.26 AU
MagR: 10.6
",False
Ocultation by Leda,11/10/2016,23:09,11/10/2016,23:09,False,"Coord Star: 12 50 29.5180 -04 03 16.5540
C/A: 1.636 arcsec
P/A 19.85 deg
Velocity: 39.7 km/s
Distance: 6.29 AU
MagR: 17.1
",False
Ocultation by Leda,12/01/2016,08:51,12/01/2016,08:51,False,"Coord Star: 13 05 33.1529 -05 23 34.6090
C/A: 1.635 arcsec
P/A 19.44 deg
Velocity: 32.73 km/s
Distance: 6.04 AU
MagR: 14.8
",False
Ocultation by Leda,12/17/2016,20:15,12/17/2016,20:15,False,"Coord Star: 13 15 45.5377 -06 16 54.6400
C/A: 0.623 arcsec
P/A 199.19 deg
Velocity: 25.51 km/s
Distance: 5.79 AU
MagR: 14.0
",False
Ocultation by Leda,12/26/2016,03:02,12/26/2016,03:02,False,"Coord Star: 13 20 02.5116 -06 39 04.0790
C/A: 0.76 arcsec
P/A 199.1 deg
Velocity: 21.46 km/s
Distance: 5.65 AU
MagR: 14.4
",False
Ocultation by Leda,01/09/2017,12:51,01/09/2017,12:51,False,"Coord Star: 13 25 51.4895 -07 08 56.5730
C/A: 1.841 arcsec
P/A 199.0 deg
Velocity: 13.9 km/s
Distance: 5.4 AU
MagR: 14.2
",False
Ocultation by Leda,01/18/2017,21:37,01/18/2017,21:37,False,"Coord Star: 13 28 22.8263 -07 21 54.0200
C/A: 0.752 arcsec
P/A 199.08 deg
Velocity: 8.8 km/s
Distance: 5.23 AU
MagR: 14.1
",False
Ocultation by Leda,01/21/2017,22:07,01/21/2017,22:07,False,"Coord Star: 13 28 57.8127 -07 24 54.8670
C/A: 0.362 arcsec
P/A 199.17 deg
Velocity: 7.14 km/s
Distance: 5.18 AU
MagR: 13.0
",False
Ocultation by Leda,04/06/2017,17:44,04/06/2017,17:44,False,"Coord Star: 13 07 46.4378 -05 42 09.5810
C/A: 1.12 arcsec
P/A 18.55 deg
Velocity: -19.76 km/s
Distance: 4.39 AU
MagR: 15.4
",False
Ocultation by Leda,04/29/2017,02:21,04/29/2017,02:21,False,"Coord Star: 12 56 05.6806 -04 42 25.4270
C/A: 1.3 arcsec
P/A 19.46 deg
Velocity: -15.86 km/s
Distance: 4.48 AU
MagR: 9.9
",False
Ocultation by Leda,04/29/2017,23:23,04/29/2017,23:23,False,"Coord Star: 12 55 42.6157 -04 40 23.3390
C/A: 1.241 arcsec
P/A 19.52 deg
Velocity: -15.58 km/s
Distance: 4.49 AU
MagR: 14.7
",False
Ocultation by Leda,06/17/2017,05:36,06/17/2017,05:36,False,"Coord Star: 12 49 16.1552 -03 56 40.4990
C/A: 1.458 arcsec
P/A 14.02 deg
Velocity: 6.85 km/s
Distance: 5.13 AU
MagR: 15.4
",False
Ocultation by Leda,06/26/2017,06:23,06/26/2017,06:23,False,"Coord Star: 12 51 15.7014 -04 05 05.1470
C/A: 0.101 arcsec
P/A 17.01 deg
Velocity: 11.09 km/s
Distance: 5.27 AU
MagR: 15.9
",False
Ocultation by Leda,07/19/2017,18:46,07/19/2017,18:46,False,"Coord Star: 12 59 57.1104 -04 50 16.9600
C/A: 1.943 arcsec
P/A 200.57 deg
Velocity: 20.82 km/s
Distance: 5.62 AU
MagR: 16.1
",False
Ocultation by Leda,08/09/2017,06:13,08/09/2017,06:13,False,"Coord Star: 13 10 42.6781 -05 53 18.7830
C/A: 1.236 arcsec
P/A 202.03 deg
Velocity: 27.92 km/s
Distance: 5.89 AU
MagR: 14.2
",False
Ocultation by Leda,09/17/2017,11:04,09/17/2017,11:04,False,"Coord Star: 13 36 59.5640 -08 35 38.8880
C/A: 1.119 arcsec
P/A 22.67 deg
Velocity: 37.53 km/s
Distance: 6.26 AU
MagR: 16.1
",False
Ocultation by Leda,12/05/2017,02:36,12/05/2017,02:36,False,"Coord Star: 14 37 57.0440 -14 30 25.7300
C/A: 0.452 arcsec
P/A 199.73 deg
Velocity: 35.18 km/s
Distance: 6.18 AU
MagR: 16.2
",False
Ocultation by Leda,12/06/2017,10:25,12/06/2017,10:25,False,"Coord Star: 14 38 55.1369 -14 35 26.9130
C/A: 1.006 arcsec
P/A 199.63 deg
Velocity: 34.88 km/s
Distance: 6.17 AU
MagR: 15.5
",False
Ocultation by Leda,12/07/2017,14:44,12/07/2017,14:44,False,"Coord Star: 14 39 46.5559 -14 39 52.8730
C/A: 0.644 arcsec
P/A 199.54 deg
Velocity: 34.61 km/s
Distance: 6.16 AU
MagR: 15.7
",False
Ocultation by Leda,12/10/2017,19:17,12/10/2017,19:17,False,"Coord Star: 14 42 04.0924 -14 51 37.9120
C/A: 1.275 arcsec
P/A 19.28 deg
Velocity: 33.85 km/s
Distance: 6.13 AU
MagR: 13.3
",False
Ocultation by Leda,12/11/2017,23:53,12/11/2017,23:53,False,"Coord Star: 14 42 54.9839 -14 55 53.6830
C/A: 0.147 arcsec
P/A 199.15 deg
Velocity: 33.55 km/s
Distance: 6.12 AU
MagR: 16.2
",False
Ocultation by Leda,12/13/2017,04:30,12/13/2017,04:30,False,"Coord Star: 14 43 45.5927 -15 00 06.1270
C/A: 1.871 arcsec
P/A 199.07 deg
Velocity: 33.25 km/s
Distance: 6.11 AU
MagR: 16.8
",False
Ocultation by Leda,12/14/2017,16:58,12/14/2017,16:58,False,"Coord Star: 14 44 49.5641 -15 05 25.5320
C/A: 1.53 arcsec
P/A 198.92 deg
Velocity: 32.86 km/s
Distance: 6.1 AU
MagR: 16.8
",False
Ocultation by Leda,12/14/2017,20:42,12/14/2017,20:42,False,"Coord Star: 14 44 56.0677 -15 05 57.9900
C/A: 1.366 arcsec
P/A 198.91 deg
Velocity: 32.82 km/s
Distance: 6.1 AU
MagR: 15.9
",False
Ocultation by Leda,12/14/2017,23:15,12/14/2017,23:15,False,"Coord Star: 14 45 00.4678 -15 06 22.3480
C/A: 1.028 arcsec
P/A 18.91 deg
Velocity: 32.79 km/s
Distance: 6.09 AU
MagR: 14.3
",False
Ocultation by Leda,12/15/2017,12:43,12/15/2017,12:43,False,"Coord Star: 14 45 23.9129 -15 08 19.2380
C/A: 1.797 arcsec
P/A 18.85 deg
Velocity: 32.64 km/s
Distance: 6.09 AU
MagR: 14.6
",False
Ocultation by Leda,12/16/2017,23:42,12/16/2017,23:42,False,"Coord Star: 14 46 24.5733 -15 13 14.5310
C/A: 1.312 arcsec
P/A 198.7 deg
Velocity: 32.25 km/s
Distance: 6.07 AU
MagR: 15.9
",False
Ocultation by Leda,12/22/2017,07:29,12/22/2017,07:29,False,"Coord Star: 14 50 01.3850 -15 30 40.1320
C/A: 0.771 arcsec
P/A 198.13 deg
Velocity: 30.77 km/s
Distance: 6.02 AU
MagR: 16.8
",False
Ocultation by Leda,12/28/2017,01:00,12/28/2017,01:00,False,"Coord Star: 14 53 46.1958 -15 48 03.9900
C/A: 0.765 arcsec
P/A 17.43 deg
Velocity: 29.08 km/s
Distance: 5.96 AU
MagR: 13.3
",False
Ocultation by Lysithea,01/07/2016,08:11,01/07/2016,08:11,False,"Coord Star: 11 38 32.5790 +03 13 35.5830
C/A: 0.404 arcsec
P/A 203.64 deg
Velocity: 2.1 km/s
Distance: 4.99 AU
MagR: 11.3
",False
Ocultation by Lysithea,02/18/2016,12:52,02/18/2016,12:52,False,"Coord Star: 11 29 47.4712 +04 20 13.8090
C/A: 0.309 arcsec
P/A 206.75 deg
Velocity: -16.42 km/s
Distance: 4.46 AU
MagR: 15.3
",False
Ocultation by Lysithea,02/21/2016,06:17,02/21/2016,06:17,False,"Coord Star: 11 28 34.2942 +04 29 23.5790
C/A: 1.304 arcsec
P/A 26.75 deg
Velocity: -17.13 km/s
Distance: 4.44 AU
MagR: 15.3
",False
Ocultation by Lysithea,03/19/2016,15:03,03/19/2016,15:03,False,"Coord Star: 11 14 26.8617 +06 16 02.5580
C/A: 0.93 arcsec
P/A 26.94 deg
Velocity: -19.46 km/s
Distance: 4.38 AU
MagR: 16.2
",False
Ocultation by Lysithea,03/19/2016,23:31,03/19/2016,23:31,False,"Coord Star: 11 14 15.7447 +06 17 27.6600
C/A: 0.155 arcsec
P/A 26.93 deg
Velocity: -19.43 km/s
Distance: 4.38 AU
MagR: 13.1
",False
Ocultation by Lysithea,03/28/2016,09:23,03/28/2016,09:23,False,"Coord Star: 11 09 58.3464 +06 50 02.4740
C/A: 0.295 arcsec
P/A 207.07 deg
Velocity: -18.22 km/s
Distance: 4.42 AU
MagR: 10.9
",False
Ocultation by Lysithea,04/21/2016,10:17,04/21/2016,10:17,False,"Coord Star: 11 00 36.2595 +08 02 06.5570
C/A: 0.706 arcsec
P/A 27.93 deg
Velocity: -10.43 km/s
Distance: 4.64 AU
MagR: 14.8
",False
Ocultation by Lysithea,07/03/2016,23:41,07/03/2016,23:41,False,"Coord Star: 11 13 49.3883 +06 27 39.5260
C/A: 1.881 arcsec
P/A 26.66 deg
Velocity: 27.21 km/s
Distance: 5.85 AU
MagR: 16.2
",False
Ocultation by Lysithea,07/22/2016,13:31,07/22/2016,13:31,False,"Coord Star: 11 25 12.8720 +05 02 53.2430
C/A: 0.461 arcsec
P/A 206.34 deg
Velocity: 34.17 km/s
Distance: 6.11 AU
MagR: 16.3
",False
Ocultation by Lysithea,07/23/2016,07:48,07/23/2016,07:48,False,"Coord Star: 11 25 43.3670 +04 59 06.4660
C/A: 0.701 arcsec
P/A 26.32 deg
Velocity: 34.42 km/s
Distance: 6.12 AU
MagR: 16.4
",False
Ocultation by Lysithea,08/08/2016,11:10,08/08/2016,11:10,False,"Coord Star: 11 37 06.4197 +03 35 44.3410
C/A: 0.289 arcsec
P/A 25.84 deg
Velocity: 38.9 km/s
Distance: 6.3 AU
MagR: 16.2
",False
Ocultation by Lysithea,08/12/2016,14:55,08/12/2016,14:55,False,"Coord Star: 11 40 11.9629 +03 13 23.4710
C/A: 0.546 arcsec
P/A 205.71 deg
Velocity: 39.81 km/s
Distance: 6.34 AU
MagR: 15.5
",False
Ocultation by Lysithea,11/12/2016,22:39,11/12/2016,22:39,False,"Coord Star: 12 53 01.2025 -04 45 11.7260
C/A: 0.716 arcsec
P/A 20.87 deg
Velocity: 35.73 km/s
Distance: 6.19 AU
MagR: 16.8
",False
Ocultation by Lysithea,11/16/2016,04:55,11/16/2016,04:55,False,"Coord Star: 12 55 20.0308 -04 58 15.6150
C/A: 0.313 arcsec
P/A 200.57 deg
Velocity: 34.72 km/s
Distance: 6.15 AU
MagR: 17.0
",False
Ocultation by Lysithea,11/23/2016,04:40,11/23/2016,04:40,False,"Coord Star: 13 00 07.1828 -05 24 38.9970
C/A: 0.342 arcsec
P/A 199.92 deg
Velocity: 32.34 km/s
Distance: 6.07 AU
MagR: 15.6
",False
Ocultation by Lysithea,12/01/2016,06:33,12/01/2016,06:33,False,"Coord Star: 13 05 18.7443 -05 52 07.2730
C/A: 0.13 arcsec
P/A 19.07 deg
Velocity: 29.25 km/s
Distance: 5.96 AU
MagR: 16.9
",False
Ocultation by Lysithea,02/19/2017,15:21,02/19/2017,15:21,False,"Coord Star: 13 24 07.5207 -06 49 46.7210
C/A: 0.065 arcsec
P/A 25.39 deg
Velocity: -8.32 km/s
Distance: 4.76 AU
MagR: 14.6
",False
Ocultation by Lysithea,03/24/2017,05:05,03/24/2017,05:05,False,"Coord Star: 13 13 04.3886 -05 49 01.9760
C/A: 0.161 arcsec
P/A 197.83 deg
Velocity: -15.25 km/s
Distance: 4.53 AU
MagR: 15.7
",False
Ocultation by Lysithea,05/06/2017,11:18,05/06/2017,11:18,False,"Coord Star: 12 55 56.9212 -04 35 42.6510
C/A: 0.436 arcsec
P/A 13.49 deg
Velocity: -10.36 km/s
Distance: 4.65 AU
MagR: 11.4
",False
Ocultation by Lysithea,08/30/2017,08:28,08/30/2017,08:28,False,"Coord Star: 13 22 57.9758 -07 38 08.0400
C/A: 1.012 arcsec
P/A 199.91 deg
Velocity: 31.43 km/s
Distance: 6.07 AU
MagR: 16.9
",False
Ocultation by Lysithea,08/30/2017,13:29,08/30/2017,13:29,False,"Coord Star: 13 23 06.0772 -07 38 54.0400
C/A: 1.219 arcsec
P/A 19.91 deg
Velocity: 31.48 km/s
Distance: 6.07 AU
MagR: 14.4
",False
Ocultation by Lysithea,09/14/2017,01:03,09/14/2017,01:03,False,"Coord Star: 13 32 55.7764 -08 31 09.6360
C/A: 0.25 arcsec
P/A 19.54 deg
Velocity: 34.58 km/s
Distance: 6.2 AU
MagR: 16.5
",False
Ocultation by Lysithea,09/17/2017,22:49,09/17/2017,22:49,False,"Coord Star: 13 35 42.1706 -08 45 43.3850
C/A: 0.256 arcsec
P/A 19.47 deg
Velocity: 35.3 km/s
Distance: 6.23 AU
MagR: 16.8
",False
Ocultation by Lysithea,12/03/2017,07:56,12/03/2017,07:56,False,"Coord Star: 14 34 32.9750 -13 53 10.2980
C/A: 1.384 arcsec
P/A 199.72 deg
Velocity: 37.77 km/s
Distance: 6.27 AU
MagR: 16.3
",False
Ocultation by Lysithea,12/25/2017,17:58,12/25/2017,17:58,False,"Coord Star: 14 51 17.3853 -15 19 09.6250
C/A: 1.605 arcsec
P/A 19.16 deg
Velocity: 33.31 km/s
Distance: 6.07 AU
MagR: 16.6
",False
Ocultation by Lysithea,12/28/2017,03:30,12/28/2017,03:30,False,"Coord Star: 14 52 58.9727 -15 27 35.6700
C/A: 1.25 arcsec
P/A 199.06 deg
Velocity: 32.65 km/s
Distance: 6.05 AU
MagR: 16.9
",False
Ocultation by Lysithea,12/29/2017,13:57,12/29/2017,13:57,False,"Coord Star: 14 53 59.0744 -15 32 35.6110
C/A: 1.156 arcsec
P/A 199.01 deg
Velocity: 32.25 km/s
Distance: 6.03 AU
MagR: 15.9
",False
Ocultation by Nereida,01/14/2016,11:07,01/14/2016,11:07,False,"Coord Star: 22 38 48.9251 -09 24 12.5070
C/A: 0.186 arcsec
P/A 337.97 deg
Velocity: 26.01 km/s
Distance: 30.63 AU
MagR: 21.0
",False
Ocultation by Nereida,01/21/2016,19:09,01/21/2016,19:09,False,"Coord Star: 22 39 37.4845 -09 19 22.3290
C/A: 0.283 arcsec
P/A 338.04 deg
Velocity: 28.34 km/s
Distance: 30.71 AU
MagR: 20.2
",False
Ocultation by Nereida,01/31/2016,11:29,01/31/2016,11:29,False,"Coord Star: 22 40 47.1236 -09 12 26.7140
C/A: 0.237 arcsec
P/A 158.1 deg
Velocity: 30.84 km/s
Distance: 30.8 AU
MagR: 18.9
",False
Ocultation by Nereida,02/06/2016,10:42,02/06/2016,10:42,False,"Coord Star: 22 41 32.5908 -09 07 56.5580
C/A: 0.062 arcsec
P/A 158.14 deg
Velocity: 32.03 km/s
Distance: 30.85 AU
MagR: 21.1
",False
Ocultation by Nereida,02/11/2016,09:08,02/11/2016,09:08,False,"Coord Star: 22 42 11.3001 -09 04 07.0620
C/A: 0.265 arcsec
P/A 338.17 deg
Velocity: 32.79 km/s
Distance: 30.88 AU
MagR: 20.0
",False
Ocultation by Nereida,02/17/2016,15:55,02/17/2016,15:55,False,"Coord Star: 22 43 01.6306 -08 59 08.0400
C/A: 0.097 arcsec
P/A 158.18 deg
Velocity: 33.49 km/s
Distance: 30.91 AU
MagR: 18.2
",False
Ocultation by Nereida,03/04/2016,04:20,03/04/2016,04:20,False,"Coord Star: 22 45 10.4473 -08 46 19.5790
C/A: 0.087 arcsec
P/A 157.87 deg
Velocity: 35.97 km/s
Distance: 30.95 AU
MagR: 19.1
",False
Ocultation by Nereida,03/04/2016,09:09,03/04/2016,09:09,False,"Coord Star: 22 45 12.1903 -08 46 09.4670
C/A: 0.28 arcsec
P/A 337.87 deg
Velocity: 36.03 km/s
Distance: 30.95 AU
MagR: 18.2
",False
Ocultation by Nereida,10/12/2016,00:06,10/12/2016,00:06,False,"Coord Star: 22 45 41.9093 -08 48 04.7680
C/A: 0.246 arcsec
P/A 158.18 deg
Velocity: -17.63 km/s
Distance: 29.16 AU
MagR: 20.5
",False
Ocultation by Nereida,10/16/2016,19:39,10/16/2016,19:39,False,"Coord Star: 22 45 21.2059 -08 50 07.6590
C/A: 0.106 arcsec
P/A 338.33 deg
Velocity: -15.99 km/s
Distance: 29.21 AU
MagR: 20.7
",False
Ocultation by Nereida,12/27/2016,03:11,12/27/2016,03:11,False,"Coord Star: 22 45 24.0927 -08 48 46.3820
C/A: 0.073 arcsec
P/A 337.3 deg
Velocity: 17.89 km/s
Distance: 30.34 AU
MagR: 18.8
",False
Ocultation by Nereida,09/29/2017,13:17,09/29/2017,13:17,False,"Coord Star: 22 55 19.3589 -07 53 30.8590
C/A: 0.221 arcsec
P/A 157.59 deg
Velocity: -21.7 km/s
Distance: 29.02 AU
MagR: 16.2
",False
Ocultation by Pasiphae,02/08/2016,23:50,02/08/2016,23:50,False,"Coord Star: 11 40 58.1105 +04 58 55.7400
C/A: 0.854 arcsec
P/A 206.24 deg
Velocity: -12.12 km/s
Distance: 4.49 AU
MagR: 12.8
",False
Ocultation by Pasiphae,03/05/2016,14:02,03/05/2016,14:02,False,"Coord Star: 11 30 15.9012 +06 10 54.2490
C/A: 0.01 arcsec
P/A 202.86 deg
Velocity: -17.2 km/s
Distance: 4.37 AU
MagR: 15.5
",False
Ocultation by Pasiphae,03/08/2016,08:32,03/08/2016,08:32,False,"Coord Star: 11 28 55.2483 +06 19 17.8510
C/A: 1.807 arcsec
P/A 202.49 deg
Velocity: -17.33 km/s
Distance: 4.37 AU
MagR: 13.6
",False
Ocultation by Pasiphae,03/10/2016,03:53,03/10/2016,03:53,False,"Coord Star: 11 28 02.2884 +06 24 42.5420
C/A: 1.301 arcsec
P/A 202.29 deg
Velocity: -17.37 km/s
Distance: 4.37 AU
MagR: 11.6
",False
Ocultation by Pasiphae,04/09/2016,03:58,04/09/2016,03:58,False,"Coord Star: 11 14 36.7707 +07 39 20.7610
C/A: 1.003 arcsec
P/A 17.93 deg
Velocity: -12.88 km/s
Distance: 4.54 AU
MagR: 14.9
",False
Ocultation by Pasiphae,06/13/2016,00:16,06/13/2016,00:16,False,"Coord Star: 11 12 48.5020 +07 06 43.3520
C/A: 0.661 arcsec
P/A 29.97 deg
Velocity: 14.32 km/s
Distance: 5.5 AU
MagR: 13.9
",False
Ocultation by Pasiphae,06/27/2016,13:56,06/27/2016,13:56,False,"Coord Star: 11 18 03.4160 +06 23 45.1940
C/A: 1.707 arcsec
P/A 27.96 deg
Velocity: 20.29 km/s
Distance: 5.74 AU
MagR: 11.7
",False
Ocultation by Pasiphae,07/18/2016,15:07,07/18/2016,15:07,False,"Coord Star: 11 28 15.5076 +05 05 31.8060
C/A: 0.942 arcsec
P/A 26.68 deg
Velocity: 27.8 km/s
Distance: 6.05 AU
MagR: 14.0
",False
Ocultation by Pasiphae,07/22/2016,16:15,07/22/2016,16:15,False,"Coord Star: 11 30 30.4310 +04 48 43.4340
C/A: 0.644 arcsec
P/A 206.54 deg
Velocity: 29.04 km/s
Distance: 6.11 AU
MagR: 14.6
",False
Ocultation by Pasiphae,07/24/2016,01:37,07/24/2016,01:37,False,"Coord Star: 11 31 17.8471 +04 42 49.0540
C/A: 0.029 arcsec
P/A 206.56 deg
Velocity: 29.46 km/s
Distance: 6.12 AU
MagR: 15.1
",False
Ocultation by Pasiphae,07/24/2016,17:37,07/24/2016,17:37,False,"Coord Star: 11 31 40.7472 +04 39 57.5060
C/A: 0.84 arcsec
P/A 26.48 deg
Velocity: 29.66 km/s
Distance: 6.13 AU
MagR: 14.9
",False
Ocultation by Pasiphae,08/14/2016,16:20,08/14/2016,16:20,False,"Coord Star: 11 44 35.9841 +03 04 50.5040
C/A: 1.898 arcsec
P/A 206.0 deg
Velocity: 34.84 km/s
Distance: 6.36 AU
MagR: 15.2
",False
Ocultation by Pasiphae,08/17/2016,10:15,08/17/2016,10:15,False,"Coord Star: 11 46 24.0309 +02 51 39.7670
C/A: 0.11 arcsec
P/A 25.94 deg
Velocity: 35.36 km/s
Distance: 6.39 AU
MagR: 16.1
",False
Ocultation by Pasiphae,11/17/2016,17:09,11/17/2016,17:09,False,"Coord Star: 12 51 04.2715 -04 36 00.6480
C/A: 0.526 arcsec
P/A 202.5 deg
Velocity: 33.83 km/s
Distance: 6.16 AU
MagR: 15.5
",False
Ocultation by Pasiphae,11/23/2016,00:07,11/23/2016,00:07,False,"Coord Star: 12 54 36.0513 -04 57 37.4050
C/A: 1.495 arcsec
P/A 202.08 deg
Velocity: 32.64 km/s
Distance: 6.09 AU
MagR: 15.7
",False
Ocultation by Pasiphae,11/24/2016,09:12,11/24/2016,09:12,False,"Coord Star: 12 55 30.4248 -05 03 07.7320
C/A: 0.096 arcsec
P/A 21.98 deg
Velocity: 32.3 km/s
Distance: 6.07 AU
MagR: 16.9
",False
Ocultation by Pasiphae,11/26/2016,02:56,11/26/2016,02:56,False,"Coord Star: 12 56 38.6046 -05 09 55.6430
C/A: 1.208 arcsec
P/A 201.82 deg
Velocity: 31.86 km/s
Distance: 6.04 AU
MagR: 15.2
",False
Ocultation by Pasiphae,11/30/2016,12:00,11/30/2016,12:00,False,"Coord Star: 12 59 27.3961 -05 26 35.5180
C/A: 1.303 arcsec
P/A 201.45 deg
Velocity: 30.66 km/s
Distance: 5.98 AU
MagR: 16.0
",False
Ocultation by Pasiphae,12/14/2016,02:02,12/14/2016,02:02,False,"Coord Star: 13 07 39.7713 -06 13 13.7380
C/A: 1.513 arcsec
P/A 200.2 deg
Velocity: 26.27 km/s
Distance: 5.76 AU
MagR: 16.5
",False
Ocultation by Pasiphae,12/31/2016,06:11,12/31/2016,06:11,False,"Coord Star: 13 16 29.2864 -06 59 15.1990
C/A: 0.38 arcsec
P/A 198.15 deg
Velocity: 19.45 km/s
Distance: 5.47 AU
MagR: 13.2
",False
Ocultation by Pasiphae,03/03/2017,12:21,03/03/2017,12:21,False,"Coord Star: 13 24 34.4955 -07 05 34.6950
C/A: 0.097 arcsec
P/A 211.85 deg
Velocity: -8.7 km/s
Distance: 4.5 AU
MagR: 13.7
",False
Ocultation by Pasiphae,03/05/2017,13:12,03/05/2017,13:12,False,"Coord Star: 13 24 06.4695 -07 01 20.4620
C/A: 0.352 arcsec
P/A 31.0 deg
Velocity: -9.39 km/s
Distance: 4.48 AU
MagR: 14.5
",False
Ocultation by Pasiphae,03/22/2017,20:21,03/22/2017,20:21,False,"Coord Star: 13 18 39.6574 -06 17 03.8150
C/A: 1.054 arcsec
P/A 27.18 deg
Velocity: -13.89 km/s
Distance: 4.34 AU
MagR: 15.6
",False
Ocultation by Pasiphae,03/25/2017,20:27,03/25/2017,20:27,False,"Coord Star: 13 17 29.9406 -06 08 11.0030
C/A: 1.783 arcsec
P/A 206.82 deg
Velocity: -14.39 km/s
Distance: 4.33 AU
MagR: 15.3
",False
Ocultation by Pasiphae,05/06/2017,04:30,05/06/2017,04:30,False,"Coord Star: 13 00 49.4790 -04 10 15.4530
C/A: 0.594 arcsec
P/A 204.1 deg
Velocity: -11.66 km/s
Distance: 4.39 AU
MagR: 15.0
",False
Ocultation by Pasiphae,05/12/2017,01:41,05/12/2017,01:41,False,"Coord Star: 12 59 04.4360 -03 58 38.6140
C/A: 0.171 arcsec
P/A 203.72 deg
Velocity: -9.97 km/s
Distance: 4.44 AU
MagR: 15.8
",False
Ocultation by Pasiphae,05/17/2017,19:18,05/17/2017,19:18,False,"Coord Star: 12 57 39.6352 -03 49 28.3080
C/A: 1.49 arcsec
P/A 23.25 deg
Velocity: -8.1 km/s
Distance: 4.5 AU
MagR: 15.0
",False
Ocultation by Pasiphae,07/24/2017,19:44,07/24/2017,19:44,False,"Coord Star: 13 06 58.7697 -04 55 30.5350
C/A: 1.169 arcsec
P/A 203.61 deg
Velocity: 21.01 km/s
Distance: 5.49 AU
MagR: 16.5
",False
Ocultation by Pasiphae,08/06/2017,17:58,08/06/2017,17:58,False,"Coord Star: 13 13 38.4665 -05 38 29.3930
C/A: 0.243 arcsec
P/A 23.12 deg
Velocity: 26.09 km/s
Distance: 5.68 AU
MagR: 15.4
",False
Ocultation by Pasiphae,08/20/2017,12:33,08/20/2017,12:33,False,"Coord Star: 13 21 59.4142 -06 30 55.8160
C/A: 0.417 arcsec
P/A 202.57 deg
Velocity: 30.93 km/s
Distance: 5.87 AU
MagR: 15.2
",False
Ocultation by Pasiphae,08/21/2017,14:52,08/21/2017,14:52,False,"Coord Star: 13 22 42.2897 -06 35 19.8290
C/A: 1.664 arcsec
P/A 202.53 deg
Velocity: 31.29 km/s
Distance: 5.89 AU
MagR: 16.1
",False
Ocultation by Pasiphae,08/30/2017,20:44,08/30/2017,20:44,False,"Coord Star: 13 28 58.7686 -07 13 46.5720
C/A: 0.648 arcsec
P/A 22.16 deg
Velocity: 34.09 km/s
Distance: 6.0 AU
MagR: 16.6
",False
Ocultation by Pasiphae,09/02/2017,01:24,09/02/2017,01:24,False,"Coord Star: 13 30 31.9617 -07 23 07.5310
C/A: 1.53 arcsec
P/A 202.06 deg
Velocity: 34.7 km/s
Distance: 6.03 AU
MagR: 16.7
",False
Ocultation by Pasiphae,12/10/2017,11:26,12/10/2017,11:26,False,"Coord Star: 14 51 36.5092 -14 23 10.4960
C/A: 1.19 arcsec
P/A 196.24 deg
Velocity: 37.15 km/s
Distance: 6.22 AU
MagR: 14.4
",False
Ocultation by Pasiphae,12/11/2017,07:49,12/11/2017,07:49,False,"Coord Star: 14 52 16.3699 -14 25 59.0440
C/A: 1.078 arcsec
P/A 196.18 deg
Velocity: 36.94 km/s
Distance: 6.21 AU
MagR: 17.1
",False
Ocultation by Pasiphae,12/21/2017,08:29,12/21/2017,08:29,False,"Coord Star: 14 59 53.3440 -14 57 18.0400
C/A: 1.551 arcsec
P/A 195.45 deg
Velocity: 34.13 km/s
Distance: 6.12 AU
MagR: 12.1
",False
Ocultation by Pasiphae,12/21/2017,21:00,12/21/2017,21:00,False,"Coord Star: 15 00 16.2643 -14 58 53.3130
C/A: 1.88 arcsec
P/A 15.42 deg
Velocity: 33.97 km/s
Distance: 6.11 AU
MagR: 16.8
",False
Ocultation by Pasiphae,12/22/2017,12:23,12/22/2017,12:23,False,"Coord Star: 15 00 44.5029 -15 00 42.5180
C/A: 1.439 arcsec
P/A 195.37 deg
Velocity: 33.77 km/s
Distance: 6.11 AU
MagR: 16.5
",False
Ocultation by Pasiphae,12/27/2017,21:20,12/27/2017,21:20,False,"Coord Star: 15 04 35.3434 -15 15 51.1260
C/A: 0.779 arcsec
P/A 14.97 deg
Velocity: 32.0 km/s
Distance: 6.05 AU
MagR: 16.9
",False
Ocultation by Phoebe,01/14/2016,13:32,01/14/2016,13:32,False,"Coord Star: 16 46 11.4814 -20 45 13.0450
C/A: 0.861 arcsec
P/A 186.82 deg
Velocity: 32.29 km/s
Distance: 10.71 AU
MagR: 15.2
",False
Ocultation by Phoebe,01/16/2016,09:05,01/16/2016,09:05,False,"Coord Star: 16 46 57.2197 -20 46 29.7950
C/A: 0.173 arcsec
P/A 186.7 deg
Velocity: 31.66 km/s
Distance: 10.69 AU
MagR: 16.7
",False
Ocultation by Phoebe,01/19/2016,19:44,01/19/2016,19:44,False,"Coord Star: 16 48 21.7672 -20 48 47.7440
C/A: 0.855 arcsec
P/A 6.47 deg
Velocity: 30.43 km/s
Distance: 10.65 AU
MagR: 16.9
",False
Ocultation by Phoebe,01/25/2016,20:12,01/25/2016,20:12,False,"Coord Star: 16 50 42.0169 -20 52 22.0900
C/A: 0.845 arcsec
P/A 186.07 deg
Velocity: 28.13 km/s
Distance: 10.59 AU
MagR: 16.3
",False
Ocultation by Phoebe,01/29/2016,16:51,01/29/2016,16:51,False,"Coord Star: 16 52 06.5438 -20 54 25.3040
C/A: 0.722 arcsec
P/A 185.8 deg
Velocity: 26.55 km/s
Distance: 10.54 AU
MagR: 16.8
",False
Ocultation by Phoebe,02/01/2016,03:34,02/01/2016,03:34,False,"Coord Star: 16 52 57.7453 -20 55 38.0230
C/A: 0.237 arcsec
P/A 5.62 deg
Velocity: 25.52 km/s
Distance: 10.51 AU
MagR: 15.5
",False
Ocultation by Phoebe,02/03/2016,14:44,02/03/2016,14:44,False,"Coord Star: 16 53 47.4325 -20 56 46.0880
C/A: 0.824 arcsec
P/A 5.45 deg
Velocity: 24.44 km/s
Distance: 10.47 AU
MagR: 13.9
",False
Ocultation by Phoebe,02/11/2016,23:47,02/11/2016,23:47,False,"Coord Star: 16 56 20.8685 -20 59 58.0320
C/A: 0.403 arcsec
P/A 184.79 deg
Velocity: 20.56 km/s
Distance: 10.36 AU
MagR: 14.6
",False
Ocultation by Phoebe,03/02/2016,08:54,03/02/2016,08:54,False,"Coord Star: 17 00 34.1681 -21 03 58.7530
C/A: 0.148 arcsec
P/A 182.38 deg
Velocity: 10.8 km/s
Distance: 10.07 AU
MagR: 15.6
",False
Ocultation by Phoebe,03/06/2016,01:02,03/06/2016,01:02,False,"Coord Star: 17 01 04.7856 -21 04 12.9460
C/A: 0.708 arcsec
P/A 181.48 deg
Velocity: 8.87 km/s
Distance: 10.01 AU
MagR: 13.7
",False
Ocultation by Phoebe,04/03/2016,21:19,04/03/2016,21:19,False,"Coord Star: 17 01 37.9142 -21 00 58.2570
C/A: 0.162 arcsec
P/A 192.1 deg
Velocity: -6.01 km/s
Distance: 9.57 AU
MagR: 14.1
",False
Ocultation by Phoebe,04/16/2016,17:24,04/16/2016,17:24,False,"Coord Star: 16 59 56.3783 -20 56 50.9920
C/A: 0.259 arcsec
P/A 188.78 deg
Velocity: -11.73 km/s
Distance: 9.4 AU
MagR: 15.1
",False
Ocultation by Phoebe,04/21/2016,22:20,04/21/2016,22:20,False,"Coord Star: 16 58 56.7422 -20 54 45.7700
C/A: 0.715 arcsec
P/A 188.26 deg
Velocity: -13.77 km/s
Distance: 9.34 AU
MagR: 14.2
",False
Ocultation by Phoebe,04/22/2016,15:49,04/22/2016,15:49,False,"Coord Star: 16 58 47.6118 -20 54 27.8880
C/A: 0.103 arcsec
P/A 188.2 deg
Velocity: -14.04 km/s
Distance: 9.33 AU
MagR: 15.6
",False
Ocultation by Phoebe,04/24/2016,03:01,04/24/2016,03:01,False,"Coord Star: 16 58 28.6724 -20 53 49.6080
C/A: 0.401 arcsec
P/A 188.1 deg
Velocity: -14.58 km/s
Distance: 9.32 AU
MagR: 13.8
",False
Ocultation by Phoebe,04/30/2016,10:13,04/30/2016,10:13,False,"Coord Star: 16 56 59.1413 -20 50 56.4260
C/A: 0.421 arcsec
P/A 7.74 deg
Velocity: -16.71 km/s
Distance: 9.25 AU
MagR: 15.7
",False
Ocultation by Phoebe,05/06/2016,12:28,05/06/2016,12:28,False,"Coord Star: 16 55 21.0773 -20 47 53.0320
C/A: 0.675 arcsec
P/A 7.51 deg
Velocity: -18.49 km/s
Distance: 9.2 AU
MagR: 14.4
",False
Ocultation by Phoebe,05/10/2016,19:25,05/10/2016,19:25,False,"Coord Star: 16 54 06.2304 -20 45 35.9430
C/A: 0.732 arcsec
P/A 7.39 deg
Velocity: -19.54 km/s
Distance: 9.17 AU
MagR: 15.9
",False
Ocultation by Phoebe,05/17/2016,18:07,05/17/2016,18:07,False,"Coord Star: 16 51 56.8510 -20 41 42.0970
C/A: 0.029 arcsec
P/A 187.24 deg
Velocity: -20.85 km/s
Distance: 9.13 AU
MagR: 14.6
",False
Ocultation by Phoebe,06/16/2016,01:55,06/16/2016,01:55,False,"Coord Star: 16 42 06.0657 -20 24 35.5160
C/A: 0.343 arcsec
P/A 6.84 deg
Velocity: -21.25 km/s
Distance: 9.11 AU
MagR: 13.1
",False
Ocultation by Phoebe,06/25/2016,18:17,06/25/2016,18:17,False,"Coord Star: 16 39 03.4204 -20 19 31.4010
C/A: 0.809 arcsec
P/A 186.59 deg
Velocity: -19.55 km/s
Distance: 9.16 AU
MagR: 16.1
",False
Ocultation by Phoebe,06/26/2016,13:06,06/26/2016,13:06,False,"Coord Star: 16 38 49.3885 -20 19 10.0580
C/A: 0.579 arcsec
P/A 6.56 deg
Velocity: -19.38 km/s
Distance: 9.16 AU
MagR: 16.4
",False
Ocultation by Phoebe,09/13/2016,22:37,09/13/2016,22:37,False,"Coord Star: 16 33 49.2386 -20 23 35.8960
C/A: 0.677 arcsec
P/A 12.38 deg
Velocity: 15.16 km/s
Distance: 10.19 AU
MagR: 16.2
",False
Ocultation by Phoebe,10/11/2016,02:00,10/11/2016,02:00,False,"Coord Star: 16 41 36.5067 -20 44 18.4780
C/A: 0.195 arcsec
P/A 9.65 deg
Velocity: 27.4 km/s
Distance: 10.57 AU
MagR: 16.7
",False
Ocultation by Phoebe,10/13/2016,05:14,10/13/2016,05:14,False,"Coord Star: 16 42 23.5341 -20 46 08.8900
C/A: 0.519 arcsec
P/A 189.48 deg
Velocity: 28.24 km/s
Distance: 10.59 AU
MagR: 16.7
",False
Ocultation by Phoebe,10/22/2016,18:35,10/22/2016,18:35,False,"Coord Star: 16 46 09.4446 -20 54 39.3900
C/A: 0.706 arcsec
P/A 8.8 deg
Velocity: 31.71 km/s
Distance: 10.7 AU
MagR: 17.0
",False
Ocultation by Phoebe,10/29/2016,23:54,10/29/2016,23:54,False,"Coord Star: 16 49 15.5226 -21 01 10.1590
C/A: 0.533 arcsec
P/A 188.31 deg
Velocity: 34.02 km/s
Distance: 10.77 AU
MagR: 15.6
",False
Ocultation by Phoebe,11/01/2016,14:48,11/01/2016,14:48,False,"Coord Star: 16 50 25.9467 -21 03 33.9500
C/A: 0.754 arcsec
P/A 8.14 deg
Velocity: 34.79 km/s
Distance: 10.79 AU
MagR: 16.5
",False
Ocultation by Phoebe,11/03/2016,02:54,11/03/2016,02:54,False,"Coord Star: 16 51 07.0195 -21 04 54.6640
C/A: 0.203 arcsec
P/A 188.03 deg
Velocity: 35.2 km/s
Distance: 10.81 AU
MagR: 17.1
",False
Ocultation by Phoebe,11/06/2016,13:32,11/06/2016,13:32,False,"Coord Star: 16 52 42.6591 -21 08 01.4790
C/A: 0.369 arcsec
P/A 7.81 deg
Velocity: 36.09 km/s
Distance: 10.83 AU
MagR: 17.1
",False
Ocultation by Phoebe,11/10/2016,07:41,11/10/2016,07:41,False,"Coord Star: 16 54 29.4682 -21 11 22.7570
C/A: 0.047 arcsec
P/A 7.58 deg
Velocity: 36.97 km/s
Distance: 10.86 AU
MagR: 16.9
",False
Ocultation by Phoebe,11/12/2016,11:01,11/12/2016,11:01,False,"Coord Star: 16 55 31.3105 -21 13 16.7600
C/A: 0.336 arcsec
P/A 7.42 deg
Velocity: 37.43 km/s
Distance: 10.87 AU
MagR: 16.9
",False
Ocultation by Phoebe,01/07/2017,17:15,01/07/2017,17:15,False,"Coord Star: 17 24 24.8819 -21 52 45.4380
C/A: 0.753 arcsec
P/A 183.83 deg
Velocity: 37.85 km/s
Distance: 10.83 AU
MagR: 16.7
",False
Ocultation by Phoebe,01/08/2017,08:02,01/08/2017,08:02,False,"Coord Star: 17 24 43.2330 -21 53 02.3820
C/A: 0.848 arcsec
P/A 183.8 deg
Velocity: 37.72 km/s
Distance: 10.83 AU
MagR: 17.1
",False
Ocultation by Phoebe,01/11/2017,12:43,01/11/2017,12:43,False,"Coord Star: 17 26 17.5541 -21 54 28.3350
C/A: 0.149 arcsec
P/A 3.61 deg
Velocity: 37.04 km/s
Distance: 10.8 AU
MagR: 15.9
",False
Ocultation by Phoebe,01/11/2017,13:23,01/11/2017,13:23,False,"Coord Star: 17 26 18.3695 -21 54 28.9960
C/A: 0.095 arcsec
P/A 3.61 deg
Velocity: 37.03 km/s
Distance: 10.8 AU
MagR: 15.6
",False
Ocultation by Phoebe,01/12/2017,19:53,01/12/2017,19:53,False,"Coord Star: 17 26 55.4626 -21 55 00.4140
C/A: 0.672 arcsec
P/A 183.53 deg
Velocity: 36.74 km/s
Distance: 10.79 AU
MagR: 16.9
",False
Ocultation by Phoebe,01/12/2017,21:00,01/12/2017,21:00,False,"Coord Star: 17 26 56.8220 -21 55 02.7500
C/A: 0.495 arcsec
P/A 3.53 deg
Velocity: 36.73 km/s
Distance: 10.79 AU
MagR: 15.9
",False
Ocultation by Phoebe,01/15/2017,01:20,01/15/2017,01:20,False,"Coord Star: 17 27 59.8737 -21 55 54.5520
C/A: 0.806 arcsec
P/A 183.4 deg
Velocity: 36.21 km/s
Distance: 10.77 AU
MagR: 14.3
",False
Ocultation by Phoebe,01/15/2017,18:37,01/15/2017,18:37,False,"Coord Star: 17 28 20.5151 -21 56 12.2740
C/A: 0.042 arcsec
P/A 183.35 deg
Velocity: 36.03 km/s
Distance: 10.76 AU
MagR: 16.9
",False
Ocultation by Phoebe,01/24/2017,11:55,01/24/2017,11:55,False,"Coord Star: 17 32 22.9265 -21 59 15.2380
C/A: 0.431 arcsec
P/A 182.86 deg
Velocity: 33.59 km/s
Distance: 10.68 AU
MagR: 15.6
",False
Ocultation by Phoebe,01/27/2017,08:31,01/27/2017,08:31,False,"Coord Star: 17 33 38.9394 -22 00 07.4220
C/A: 0.288 arcsec
P/A 2.71 deg
Velocity: 32.68 km/s
Distance: 10.64 AU
MagR: 16.1
",False
Ocultation by Phoebe,01/27/2017,17:07,01/27/2017,17:07,False,"Coord Star: 17 33 48.3494 -22 00 13.6560
C/A: 0.354 arcsec
P/A 2.69 deg
Velocity: 32.56 km/s
Distance: 10.64 AU
MagR: 16.5
",False
Ocultation by Phoebe,01/28/2017,06:14,01/28/2017,06:14,False,"Coord Star: 17 34 02.6285 -22 00 23.2360
C/A: 0.657 arcsec
P/A 2.66 deg
Velocity: 32.38 km/s
Distance: 10.63 AU
MagR: 16.9
",False
Ocultation by Phoebe,01/29/2017,23:35,01/29/2017,23:35,False,"Coord Star: 17 34 47.1598 -22 00 51.1230
C/A: 0.283 arcsec
P/A 2.57 deg
Velocity: 31.8 km/s
Distance: 10.61 AU
MagR: 16.4
",False
Ocultation by Phoebe,02/02/2017,04:12,02/02/2017,04:12,False,"Coord Star: 17 36 07.7488 -22 01 40.1270
C/A: 0.722 arcsec
P/A 2.4 deg
Velocity: 30.67 km/s
Distance: 10.57 AU
MagR: 17.0
",False
Ocultation by Phoebe,02/05/2017,06:50,02/05/2017,06:50,False,"Coord Star: 17 37 23.6677 -22 02 21.8400
C/A: 0.231 arcsec
P/A 182.23 deg
Velocity: 29.52 km/s
Distance: 10.53 AU
MagR: 16.5
",False
Ocultation by Phoebe,02/06/2017,05:59,02/06/2017,05:59,False,"Coord Star: 17 37 46.6802 -22 02 34.9370
C/A: 0.53 arcsec
P/A 2.18 deg
Velocity: 29.15 km/s
Distance: 10.52 AU
MagR: 15.8
",False
Ocultation by Phoebe,02/06/2017,08:19,02/06/2017,08:19,False,"Coord Star: 17 37 48.9974 -22 02 35.5010
C/A: 0.132 arcsec
P/A 182.18 deg
Velocity: 29.11 km/s
Distance: 10.52 AU
MagR: 16.3
",False
Ocultation by Phoebe,02/08/2017,01:55,02/08/2017,01:55,False,"Coord Star: 17 38 29.6551 -22 02 56.3540
C/A: 0.334 arcsec
P/A 182.09 deg
Velocity: 28.45 km/s
Distance: 10.5 AU
MagR: 15.8
",False
Ocultation by Phoebe,02/09/2017,01:03,02/09/2017,01:03,False,"Coord Star: 17 38 51.8814 -22 03 07.5670
C/A: 0.258 arcsec
P/A 182.04 deg
Velocity: 28.07 km/s
Distance: 10.48 AU
MagR: 16.6
",False
Ocultation by Phoebe,02/09/2017,21:16,02/09/2017,21:16,False,"Coord Star: 17 39 11.0998 -22 03 17.6790
C/A: 0.437 arcsec
P/A 2.0 deg
Velocity: 27.73 km/s
Distance: 10.47 AU
MagR: 16.6
",False
Ocultation by Phoebe,02/10/2017,16:53,02/10/2017,16:53,False,"Coord Star: 17 39 29.5373 -22 03 25.3180
C/A: 0.771 arcsec
P/A 181.96 deg
Velocity: 27.41 km/s
Distance: 10.46 AU
MagR: 15.9
",False
Ocultation by Phoebe,02/10/2017,22:30,02/10/2017,22:30,False,"Coord Star: 17 39 34.7797 -22 03 27.9050
C/A: 0.666 arcsec
P/A 181.94 deg
Velocity: 27.32 km/s
Distance: 10.46 AU
MagR: 15.9
",False
Ocultation by Phoebe,02/11/2017,10:03,02/11/2017,10:03,False,"Coord Star: 17 39 45.5077 -22 03 34.0320
C/A: 0.429 arcsec
P/A 1.92 deg
Velocity: 27.12 km/s
Distance: 10.45 AU
MagR: 16.6
",False
Ocultation by Phoebe,02/15/2017,12:30,02/15/2017,12:30,False,"Coord Star: 17 41 14.1104 -22 04 13.1640
C/A: 0.394 arcsec
P/A 1.72 deg
Velocity: 25.42 km/s
Distance: 10.39 AU
MagR: 16.2
",False
Ocultation by Phoebe,02/17/2017,13:25,02/17/2017,13:25,False,"Coord Star: 17 41 56.1632 -22 04 30.6470
C/A: 0.805 arcsec
P/A 1.63 deg
Velocity: 24.55 km/s
Distance: 10.36 AU
MagR: 16.0
",False
Ocultation by Phoebe,02/20/2017,01:31,02/20/2017,01:31,False,"Coord Star: 17 42 45.9496 -22 04 49.3390
C/A: 0.576 arcsec
P/A 1.51 deg
Velocity: 23.45 km/s
Distance: 10.32 AU
MagR: 15.6
",False
Ocultation by Phoebe,02/21/2017,06:43,02/21/2017,06:43,False,"Coord Star: 17 43 09.3934 -22 04 56.6940
C/A: 0.483 arcsec
P/A 181.45 deg
Velocity: 22.91 km/s
Distance: 10.31 AU
MagR: 14.6
",False
Ocultation by Phoebe,02/21/2017,21:03,02/21/2017,21:03,False,"Coord Star: 17 43 20.7043 -22 05 01.7190
C/A: 0.596 arcsec
P/A 1.43 deg
Velocity: 22.64 km/s
Distance: 10.3 AU
MagR: 14.3
",False
Ocultation by Phoebe,02/24/2017,07:18,02/24/2017,07:18,False,"Coord Star: 17 44 05.3979 -22 05 16.7960
C/A: 0.832 arcsec
P/A 1.31 deg
Velocity: 21.54 km/s
Distance: 10.26 AU
MagR: 15.3
",False
Ocultation by Phoebe,02/27/2017,23:17,02/27/2017,23:17,False,"Coord Star: 17 45 08.9065 -22 05 35.0340
C/A: 0.11 arcsec
P/A 1.15 deg
Velocity: 19.82 km/s
Distance: 10.2 AU
MagR: 15.9
",False
Ocultation by Phoebe,02/28/2017,02:13,02/28/2017,02:13,False,"Coord Star: 17 45 10.9388 -22 05 34.6950
C/A: 0.793 arcsec
P/A 181.14 deg
Velocity: 19.76 km/s
Distance: 10.2 AU
MagR: 15.8
",False
Ocultation by Phoebe,03/04/2017,00:07,03/04/2017,00:07,False,"Coord Star: 17 46 13.0130 -22 05 50.9810
C/A: 0.369 arcsec
P/A 180.96 deg
Velocity: 17.89 km/s
Distance: 10.14 AU
MagR: 16.4
",False
Ocultation by Phoebe,03/04/2017,03:10,03/04/2017,03:10,False,"Coord Star: 17 46 14.9274 -22 05 52.3160
C/A: 0.519 arcsec
P/A 0.95 deg
Velocity: 17.83 km/s
Distance: 10.14 AU
MagR: 16.2
",False
Ocultation by Phoebe,03/07/2017,21:20,03/07/2017,21:20,False,"Coord Star: 17 47 08.8114 -22 06 03.4340
C/A: 0.226 arcsec
P/A 0.79 deg
Velocity: 15.99 km/s
Distance: 10.08 AU
MagR: 15.9
",False
Ocultation by Phoebe,03/11/2017,06:24,03/11/2017,06:24,False,"Coord Star: 17 47 52.5050 -22 06 11.4090
C/A: 0.682 arcsec
P/A 0.63 deg
Velocity: 14.33 km/s
Distance: 10.02 AU
MagR: 16.2
",False
Ocultation by Phoebe,03/14/2017,20:34,03/14/2017,20:34,False,"Coord Star: 17 48 33.9070 -22 06 15.4860
C/A: 0.737 arcsec
P/A 180.46 deg
Velocity: 12.55 km/s
Distance: 9.96 AU
MagR: 15.9
",False
Ocultation by Phoebe,03/20/2017,01:18,03/20/2017,01:18,False,"Coord Star: 17 49 24.3977 -22 06 19.9420
C/A: 0.334 arcsec
P/A 180.18 deg
Velocity: 9.94 km/s
Distance: 9.88 AU
MagR: 15.5
",False
Ocultation by Phoebe,03/20/2017,04:51,03/20/2017,04:51,False,"Coord Star: 17 49 25.6731 -22 06 20.9040
C/A: 0.572 arcsec
P/A 0.18 deg
Velocity: 9.86 km/s
Distance: 9.88 AU
MagR: 15.4
",False
Ocultation by Phoebe,03/22/2017,08:49,03/22/2017,08:49,False,"Coord Star: 17 49 43.2090 -22 06 20.0630
C/A: 0.738 arcsec
P/A 180.04 deg
Velocity: 8.77 km/s
Distance: 9.84 AU
MagR: 15.4
",False
Ocultation by Phoebe,04/01/2017,02:54,04/01/2017,02:54,False,"Coord Star: 17 50 37.0368 -22 06 16.2700
C/A: 0.182 arcsec
P/A 358.8 deg
Velocity: 3.83 km/s
Distance: 9.68 AU
MagR: 14.4
",False
Ocultation by Phoebe,04/05/2017,08:54,04/05/2017,08:54,False,"Coord Star: 17 50 47.4811 -22 06 10.8070
C/A: 0.437 arcsec
P/A 176.51 deg
Velocity: 1.72 km/s
Distance: 9.62 AU
MagR: 13.6
",False
Ocultation by Phoebe,04/20/2017,14:25,04/20/2017,14:25,False,"Coord Star: 17 50 20.9307 -22 05 44.7810
C/A: 0.501 arcsec
P/A 181.69 deg
Velocity: -5.45 km/s
Distance: 9.4 AU
MagR: 14.8
",False
Ocultation by Phoebe,05/02/2017,11:24,05/02/2017,11:24,False,"Coord Star: 17 48 53.6577 -22 05 17.8860
C/A: 0.225 arcsec
P/A 181.09 deg
Velocity: -10.4 km/s
Distance: 9.25 AU
MagR: 14.3
",False
Ocultation by Phoebe,05/02/2017,15:49,05/02/2017,15:49,False,"Coord Star: 17 48 51.8824 -22 05 18.0230
C/A: 0.38 arcsec
P/A 1.08 deg
Velocity: -10.47 km/s
Distance: 9.25 AU
MagR: 15.1
",False
Ocultation by Phoebe,05/04/2017,03:25,05/04/2017,03:25,False,"Coord Star: 17 48 37.0998 -22 05 13.7550
C/A: 0.057 arcsec
P/A 181.05 deg
Velocity: -11.03 km/s
Distance: 9.23 AU
MagR: 15.7
",False
Ocultation by Phoebe,05/05/2017,20:42,05/05/2017,20:42,False,"Coord Star: 17 48 18.9752 -22 05 09.3050
C/A: 0.056 arcsec
P/A 1.02 deg
Velocity: -11.65 km/s
Distance: 9.21 AU
MagR: 15.7
",False
Ocultation by Phoebe,05/07/2017,09:34,05/07/2017,09:34,False,"Coord Star: 17 48 01.9252 -22 05 05.0150
C/A: 0.048 arcsec
P/A 181.0 deg
Velocity: -12.19 km/s
Distance: 9.2 AU
MagR: 19.5
",False
Ocultation by Phoebe,05/09/2017,03:43,05/09/2017,03:43,False,"Coord Star: 17 47 41.4548 -22 05 00.9160
C/A: 0.769 arcsec
P/A 0.99 deg
Velocity: -12.8 km/s
Distance: 9.18 AU
MagR: 19.5
",False
Ocultation by Phoebe,05/13/2017,21:02,05/13/2017,21:02,False,"Coord Star: 17 46 41.5169 -22 04 47.0680
C/A: 0.866 arcsec
P/A 0.94 deg
Velocity: -14.32 km/s
Distance: 9.14 AU
MagR: 15.6
",False
Ocultation by Phoebe,05/14/2017,20:34,05/14/2017,20:34,False,"Coord Star: 17 46 28.2200 -22 04 43.1350
C/A: 0.031 arcsec
P/A 180.94 deg
Velocity: -14.61 km/s
Distance: 9.13 AU
MagR: 15.8
",False
Ocultation by Phoebe,05/16/2017,15:04,05/16/2017,15:04,False,"Coord Star: 17 46 03.4794 -22 04 37.8120
C/A: 0.267 arcsec
P/A 0.93 deg
Velocity: -15.13 km/s
Distance: 9.12 AU
MagR: 15.7
",False
Ocultation by Phoebe,05/22/2017,10:39,05/22/2017,10:39,False,"Coord Star: 17 44 36.2533 -22 04 17.9020
C/A: 0.106 arcsec
P/A 0.94 deg
Velocity: -16.66 km/s
Distance: 9.08 AU
MagR: 15.8
",False
Ocultation by Phoebe,05/26/2017,07:11,05/26/2017,07:11,False,"Coord Star: 17 43 33.9198 -22 04 03.1020
C/A: 0.424 arcsec
P/A 180.95 deg
Velocity: -17.52 km/s
Distance: 9.05 AU
MagR: 16.1
",False
Ocultation by Phoebe,05/26/2017,20:52,05/26/2017,20:52,False,"Coord Star: 17 43 24.4238 -22 04 02.1800
C/A: 0.849 arcsec
P/A 0.95 deg
Velocity: -17.64 km/s
Distance: 9.05 AU
MagR: 15.8
",False
Ocultation by Phoebe,06/03/2017,09:02,06/03/2017,09:02,False,"Coord Star: 17 41 14.1407 -22 03 30.2810
C/A: 0.338 arcsec
P/A 180.99 deg
Velocity: -18.87 km/s
Distance: 9.02 AU
MagR: 14.6
",False
Ocultation by Phoebe,06/03/2017,12:24,06/03/2017,12:24,False,"Coord Star: 17 41 11.6319 -22 03 29.9060
C/A: 0.11 arcsec
P/A 180.99 deg
Velocity: -18.89 km/s
Distance: 9.02 AU
MagR: 15.7
",False
Ocultation by Phoebe,06/03/2017,23:32,06/03/2017,23:32,False,"Coord Star: 17 41 03.2931 -22 03 27.6190
C/A: 0.391 arcsec
P/A 180.99 deg
Velocity: -18.95 km/s
Distance: 9.02 AU
MagR: 16.4
",False
Ocultation by Phoebe,06/05/2017,17:08,06/05/2017,17:08,False,"Coord Star: 17 40 31.9144 -22 03 21.0860
C/A: 0.662 arcsec
P/A 1.0 deg
Velocity: -19.15 km/s
Distance: 9.01 AU
MagR: 16.4
",False
Ocultation by Phoebe,06/07/2017,02:26,06/07/2017,02:26,False,"Coord Star: 17 40 06.5740 -22 03 14.4430
C/A: 0.192 arcsec
P/A 1.01 deg
Velocity: -19.29 km/s
Distance: 9.01 AU
MagR: 14.3
",False
Ocultation by Phoebe,06/08/2017,09:36,06/08/2017,09:36,False,"Coord Star: 17 39 42.6817 -22 03 08.0280
C/A: 0.364 arcsec
P/A 181.01 deg
Velocity: -19.41 km/s
Distance: 9.01 AU
MagR: 16.3
",False
Ocultation by Phoebe,06/08/2017,15:59,06/08/2017,15:59,False,"Coord Star: 17 39 37.7716 -22 03 07.0030
C/A: 0.182 arcsec
P/A 181.01 deg
Velocity: -19.43 km/s
Distance: 9.01 AU
MagR: 20.0
",False
Ocultation by Phoebe,06/08/2017,17:41,06/08/2017,17:41,False,"Coord Star: 17 39 36.4506 -22 03 07.2990
C/A: 0.44 arcsec
P/A 1.02 deg
Velocity: -19.44 km/s
Distance: 9.01 AU
MagR: 15.4
",False
Ocultation by Phoebe,06/10/2017,06:29,06/10/2017,06:29,False,"Coord Star: 17 39 08.0282 -22 02 59.6050
C/A: 0.228 arcsec
P/A 181.02 deg
Velocity: -19.55 km/s
Distance: 9.01 AU
MagR: 15.8
",False
Ocultation by Phoebe,06/11/2017,02:14,06/11/2017,02:14,False,"Coord Star: 17 38 52.7084 -22 02 56.6140
C/A: 0.588 arcsec
P/A 1.02 deg
Velocity: -19.6 km/s
Distance: 9.01 AU
MagR: 15.8
",False
Ocultation by Phoebe,06/22/2017,08:20,06/22/2017,08:20,False,"Coord Star: 17 35 21.3440 -22 02 02.3920
C/A: 0.116 arcsec
P/A 1.07 deg
Velocity: -19.71 km/s
Distance: 9.02 AU
MagR: 16.4
",False
Ocultation by Phoebe,06/22/2017,16:11,06/22/2017,16:11,False,"Coord Star: 17 35 15.2266 -22 02 01.1780
C/A: 0.48 arcsec
P/A 1.06 deg
Velocity: -19.69 km/s
Distance: 9.02 AU
MagR: 16.3
",False
Ocultation by Phoebe,06/22/2017,20:21,06/22/2017,20:21,False,"Coord Star: 17 35 11.9787 -22 01 59.9600
C/A: 0.101 arcsec
P/A 1.06 deg
Velocity: -19.68 km/s
Distance: 9.02 AU
MagR: 15.4
",False
Ocultation by Phoebe,06/23/2017,00:08,06/23/2017,00:08,False,"Coord Star: 17 35 09.0421 -22 01 59.3240
C/A: 0.223 arcsec
P/A 1.06 deg
Velocity: -19.68 km/s
Distance: 9.02 AU
MagR: 16.4
",False
Ocultation by Phoebe,06/28/2017,01:10,06/28/2017,01:10,False,"Coord Star: 17 33 35.7494 -22 01 35.5140
C/A: 0.428 arcsec
P/A 1.06 deg
Velocity: -19.29 km/s
Distance: 9.04 AU
MagR: 16.3
",False
Ocultation by Phoebe,06/28/2017,22:06,06/28/2017,22:06,False,"Coord Star: 17 33 19.8495 -22 01 31.3990
C/A: 0.369 arcsec
P/A 1.05 deg
Velocity: -19.2 km/s
Distance: 9.05 AU
MagR: 14.9
",False
Ocultation by Phoebe,06/30/2017,14:37,06/30/2017,14:37,False,"Coord Star: 17 32 49.3321 -22 01 23.0670
C/A: 0.238 arcsec
P/A 181.03 deg
Velocity: -19.0 km/s
Distance: 9.05 AU
MagR: 16.1
",False
Ocultation by Phoebe,07/05/2017,14:53,07/05/2017,14:53,False,"Coord Star: 17 31 21.0480 -22 01 01.7930
C/A: 0.177 arcsec
P/A 0.98 deg
Velocity: -18.27 km/s
Distance: 9.08 AU
MagR: 16.3
",False
Ocultation by Phoebe,07/06/2017,16:07,07/06/2017,16:07,False,"Coord Star: 17 31 03.0375 -22 00 58.0660
C/A: 0.707 arcsec
P/A 0.97 deg
Velocity: -18.09 km/s
Distance: 9.09 AU
MagR: 10.5
",False
Ocultation by Phoebe,07/07/2017,02:34,07/07/2017,02:34,False,"Coord Star: 17 30 55.6306 -22 00 55.4280
C/A: 0.202 arcsec
P/A 180.96 deg
Velocity: -18.01 km/s
Distance: 9.09 AU
MagR: 15.5
",False
Ocultation by Phoebe,07/07/2017,08:32,07/07/2017,08:32,False,"Coord Star: 17 30 51.4151 -22 00 54.9980
C/A: 0.347 arcsec
P/A 0.96 deg
Velocity: -17.97 km/s
Distance: 9.1 AU
MagR: 16.2
",False
Ocultation by Phoebe,07/13/2017,01:57,07/13/2017,01:57,False,"Coord Star: 17 29 17.7857 -22 00 34.9830
C/A: 0.721 arcsec
P/A 0.83 deg
Velocity: -16.81 km/s
Distance: 9.14 AU
MagR: 16.1
",False
Ocultation by Phoebe,07/20/2017,14:13,07/20/2017,14:13,False,"Coord Star: 17 27 26.3808 -22 00 15.9790
C/A: 0.793 arcsec
P/A 0.55 deg
Velocity: -14.9 km/s
Distance: 9.21 AU
MagR: 15.7
",False
Ocultation by Phoebe,07/23/2017,23:31,07/23/2017,23:31,False,"Coord Star: 17 26 41.1135 -22 00 09.4750
C/A: 0.691 arcsec
P/A 180.35 deg
Velocity: -13.89 km/s
Distance: 9.25 AU
MagR: 15.8
",False
Ocultation by Phoebe,08/03/2017,04:01,08/03/2017,04:01,False,"Coord Star: 17 24 46.7143 -22 00 12.0360
C/A: 0.104 arcsec
P/A 179.31 deg
Velocity: -10.42 km/s
Distance: 9.38 AU
MagR: 15.7
",False
Ocultation by Phoebe,08/06/2017,05:32,08/06/2017,05:32,False,"Coord Star: 17 24 19.2241 -22 00 17.9300
C/A: 0.481 arcsec
P/A 178.78 deg
Velocity: -9.27 km/s
Distance: 9.42 AU
MagR: 15.7
",False
Ocultation by Phoebe,08/16/2017,10:14,08/16/2017,10:14,False,"Coord Star: 17 23 12.5783 -22 00 59.9840
C/A: 0.223 arcsec
P/A 174.87 deg
Velocity: -5.16 km/s
Distance: 9.57 AU
MagR: 14.7
",False
Ocultation by Phoebe,09/27/2017,00:47,09/27/2017,00:47,False,"Coord Star: 17 25 45.5052 -22 09 30.9970
C/A: 0.444 arcsec
P/A 186.19 deg
Velocity: 14.16 km/s
Distance: 10.28 AU
MagR: 14.9
",False
Ocultation by Phoebe,10/03/2017,05:33,10/03/2017,05:33,False,"Coord Star: 17 27 05.1749 -22 11 24.4900
C/A: 0.294 arcsec
P/A 5.49 deg
Velocity: 16.95 km/s
Distance: 10.38 AU
MagR: 19.8
",False
Ocultation by Phoebe,10/22/2017,19:49,10/22/2017,19:49,False,"Coord Star: 17 32 40.7669 -22 17 39.7930
C/A: 0.827 arcsec
P/A 183.94 deg
Velocity: 25.09 km/s
Distance: 10.68 AU
MagR: 16.5
",False
Ocultation by Phoebe,10/26/2017,02:29,10/26/2017,02:29,False,"Coord Star: 17 33 48.1672 -22 18 42.4600
C/A: 0.862 arcsec
P/A 183.73 deg
Velocity: 26.31 km/s
Distance: 10.73 AU
MagR: 16.0
",False
Ocultation by Phoebe,10/27/2017,11:16,10/27/2017,11:16,False,"Coord Star: 17 34 17.1070 -22 19 09.6850
C/A: 0.495 arcsec
P/A 3.65 deg
Velocity: 26.8 km/s
Distance: 10.75 AU
MagR: 16.3
",False
Ocultation by Phoebe,10/28/2017,12:20,10/28/2017,12:20,False,"Coord Star: 17 34 39.5664 -22 19 28.9630
C/A: 0.123 arcsec
P/A 3.57 deg
Velocity: 27.17 km/s
Distance: 10.76 AU
MagR: 16.2
",False
Ocultation by Phoebe,10/29/2017,13:31,10/29/2017,13:31,False,"Coord Star: 17 35 02.4256 -22 19 47.8040
C/A: 0.666 arcsec
P/A 183.51 deg
Velocity: 27.54 km/s
Distance: 10.77 AU
MagR: 16.6
",False
Ocultation by Phoebe,10/30/2017,16:40,10/30/2017,16:40,False,"Coord Star: 17 35 27.3647 -22 20 09.1040
C/A: 0.365 arcsec
P/A 183.43 deg
Velocity: 27.92 km/s
Distance: 10.79 AU
MagR: 16.3
",False
Ocultation by Phoebe,10/31/2017,10:48,10/31/2017,10:48,False,"Coord Star: 17 35 44.2016 -22 20 22.6060
C/A: 0.795 arcsec
P/A 183.39 deg
Velocity: 28.18 km/s
Distance: 10.8 AU
MagR: 16.1
",False
Ocultation by Phoebe,11/01/2017,06:21,11/01/2017,06:21,False,"Coord Star: 17 36 02.4983 -22 20 38.2660
C/A: 0.058 arcsec
P/A 183.33 deg
Velocity: 28.45 km/s
Distance: 10.81 AU
MagR: 13.0
",False
Ocultation by Phoebe,11/02/2017,05:07,11/02/2017,05:07,False,"Coord Star: 17 36 24.0138 -22 20 56.0510
C/A: 0.466 arcsec
P/A 3.28 deg
Velocity: 28.76 km/s
Distance: 10.82 AU
MagR: 16.8
",False
Ocultation by Phoebe,11/02/2017,11:24,11/02/2017,11:24,False,"Coord Star: 17 36 29.9867 -22 21 00.9000
C/A: 0.579 arcsec
P/A 3.26 deg
Velocity: 28.85 km/s
Distance: 10.82 AU
MagR: 16.7
",False
Ocultation by Phoebe,11/03/2017,14:23,11/03/2017,14:23,False,"Coord Star: 17 36 55.8370 -22 21 20.7250
C/A: 0.176 arcsec
P/A 3.19 deg
Velocity: 29.21 km/s
Distance: 10.83 AU
MagR: 16.1
",False
Ocultation by Phoebe,11/09/2017,14:22,11/09/2017,14:22,False,"Coord Star: 17 39 18.6013 -22 23 05.4500
C/A: 0.846 arcsec
P/A 2.83 deg
Velocity: 31.06 km/s
Distance: 10.9 AU
MagR: 14.8
",False
Ocultation by Phoebe,11/10/2017,04:02,11/10/2017,04:02,False,"Coord Star: 17 39 32.5595 -22 23 14.5160
C/A: 0.412 arcsec
P/A 2.79 deg
Velocity: 31.22 km/s
Distance: 10.9 AU
MagR: 16.7
",False
Ocultation by Phoebe,11/11/2017,13:54,11/11/2017,13:54,False,"Coord Star: 17 40 07.4440 -22 23 36.9990
C/A: 0.342 arcsec
P/A 182.71 deg
Velocity: 31.63 km/s
Distance: 10.92 AU
MagR: 15.4
",False
Ocultation by Phoebe,11/17/2017,12:48,11/17/2017,12:48,False,"Coord Star: 17 42 38.8790 -22 25 09.7720
C/A: 0.327 arcsec
P/A 182.35 deg
Velocity: 33.22 km/s
Distance: 10.97 AU
MagR: 15.8
",False
Ocultation by Sinope,02/20/2016,02:40,02/20/2016,02:40,False,"Coord Star: 11 30 59.4295 +04 56 39.0860
C/A: 1.597 arcsec
P/A 202.0 deg
Velocity: -17.03 km/s
Distance: 4.61 AU
MagR: 13.2
",False
Ocultation by Sinope,03/03/2016,08:41,03/03/2016,08:41,False,"Coord Star: 11 25 01.8966 +05 32 01.9280
C/A: 0.824 arcsec
P/A 201.37 deg
Velocity: -18.82 km/s
Distance: 4.57 AU
MagR: 16.1
",False
Ocultation by Sinope,03/12/2016,09:46,03/12/2016,09:46,False,"Coord Star: 11 20 21.7735 +05 58 54.5650
C/A: 0.51 arcsec
P/A 20.84 deg
Velocity: -19.04 km/s
Distance: 4.58 AU
MagR: 15.8
",False
Ocultation by Sinope,06/11/2016,18:57,06/11/2016,18:57,False,"Coord Star: 11 04 35.2053 +06 55 41.9760
C/A: 0.599 arcsec
P/A 207.18 deg
Velocity: 13.61 km/s
Distance: 5.64 AU
MagR: 14.9
",False
Ocultation by Sinope,06/21/2016,01:57,06/21/2016,01:57,False,"Coord Star: 11 07 37.3973 +06 33 07.7130
C/A: 1.057 arcsec
P/A 206.04 deg
Velocity: 17.7 km/s
Distance: 5.79 AU
MagR: 11.4
",False
Ocultation by Sinope,06/30/2016,21:23,06/30/2016,21:23,False,"Coord Star: 11 11 35.5977 +06 04 42.5210
C/A: 1.23 arcsec
P/A 205.34 deg
Velocity: 21.79 km/s
Distance: 5.93 AU
MagR: 16.6
",False
Ocultation by Sinope,07/05/2016,19:03,07/05/2016,19:03,False,"Coord Star: 11 13 50.7129 +05 48 51.1960
C/A: 0.606 arcsec
P/A 25.1 deg
Velocity: 23.74 km/s
Distance: 6.0 AU
MagR: 16.3
",False
Ocultation by Sinope,07/08/2016,09:23,07/08/2016,09:23,False,"Coord Star: 11 15 06.3708 +05 40 04.7610
C/A: 0.561 arcsec
P/A 205.0 deg
Velocity: 24.74 km/s
Distance: 6.04 AU
MagR: 14.5
",False
Ocultation by Sinope,07/13/2016,08:00,07/13/2016,08:00,False,"Coord Star: 11 17 37.5432 +05 22 35.8740
C/A: 0.048 arcsec
P/A 24.81 deg
Velocity: 26.56 km/s
Distance: 6.1 AU
MagR: 14.5
",False
Ocultation by Sinope,07/20/2016,12:43,07/20/2016,12:43,False,"Coord Star: 11 21 33.3236 +04 55 32.6140
C/A: 0.513 arcsec
P/A 24.65 deg
Velocity: 29.04 km/s
Distance: 6.19 AU
MagR: 16.8
",False
Ocultation by Sinope,07/23/2016,20:39,07/23/2016,20:39,False,"Coord Star: 11 23 28.2565 +04 42 25.6640
C/A: 0.439 arcsec
P/A 24.58 deg
Velocity: 30.12 km/s
Distance: 6.23 AU
MagR: 16.8
",False
Ocultation by Sinope,12/04/2016,22:13,12/04/2016,22:13,False,"Coord Star: 12 57 28.2663 -05 35 10.8720
C/A: 1.587 arcsec
P/A 22.35 deg
Velocity: 28.34 km/s
Distance: 5.96 AU
MagR: 12.8
",False
Ocultation by Sinope,12/13/2016,09:47,12/13/2016,09:47,False,"Coord Star: 13 02 12.5266 -06 04 01.2070
C/A: 0.106 arcsec
P/A 202.05 deg
Velocity: 25.12 km/s
Distance: 5.83 AU
MagR: 14.3
",False
Ocultation by Sinope,12/28/2016,13:05,12/28/2016,13:05,False,"Coord Star: 13 09 24.8355 -06 46 54.0910
C/A: 0.114 arcsec
P/A 201.4 deg
Velocity: 18.71 km/s
Distance: 5.58 AU
MagR: 16.3
",False
Ocultation by Sinope,12/28/2016,16:58,12/28/2016,16:58,False,"Coord Star: 13 09 28.8652 -06 47 17.3530
C/A: 0.362 arcsec
P/A 201.4 deg
Velocity: 18.64 km/s
Distance: 5.58 AU
MagR: 13.6
",False
Ocultation by Sinope,01/13/2017,08:29,01/13/2017,08:29,False,"Coord Star: 13 14 51.0953 -07 17 51.0300
C/A: 0.887 arcsec
P/A 200.21 deg
Velocity: 11.36 km/s
Distance: 5.31 AU
MagR: 14.4
",False
Ocultation by Sinope,01/18/2017,05:27,01/18/2017,05:27,False,"Coord Star: 13 16 02.1685 -07 24 13.2750
C/A: 1.315 arcsec
P/A 199.52 deg
Velocity: 9.04 km/s
Distance: 5.23 AU
MagR: 12.9
",False
Ocultation by Sinope,03/01/2017,19:50,03/01/2017,19:50,False,"Coord Star: 13 15 10.9500 -07 10 02.5110
C/A: 1.249 arcsec
P/A 25.3 deg
Velocity: -9.6 km/s
Distance: 4.59 AU
MagR: 12.7
",False
Ocultation by Sinope,03/02/2017,16:59,03/02/2017,16:59,False,"Coord Star: 13 14 57.3853 -07 08 26.9260
C/A: 0.926 arcsec
P/A 25.21 deg
Velocity: -9.9 km/s
Distance: 4.58 AU
MagR: 12.2
",False
Ocultation by Sinope,04/02/2017,10:54,04/02/2017,10:54,False,"Coord Star: 13 03 33.1500 -05 50 54.3500
C/A: 1.336 arcsec
P/A 204.29 deg
Velocity: -15.77 km/s
Distance: 4.37 AU
MagR: 15.4
",False
Ocultation by Sinope,04/23/2017,00:47,04/23/2017,00:47,False,"Coord Star: 12 54 47.0240 -04 51 41.7840
C/A: 0.09 arcsec
P/A 204.44 deg
Velocity: -14.2 km/s
Distance: 4.38 AU
MagR: 15.9
",False
Ocultation by Sinope,05/03/2017,00:52,05/03/2017,00:52,False,"Coord Star: 12 51 11.1135 -04 27 04.9750
C/A: 1.442 arcsec
P/A 204.72 deg
Velocity: -11.88 km/s
Distance: 4.43 AU
MagR: 15.4
",False
Ocultation by Sinope,05/10/2017,17:51,05/10/2017,17:51,False,"Coord Star: 12 48 56.8757 -04 11 36.7820
C/A: 1.309 arcsec
P/A 25.1 deg
Velocity: -9.54 km/s
Distance: 4.49 AU
MagR: 15.6
",False
Ocultation by Sinope,05/22/2017,13:15,05/22/2017,13:15,False,"Coord Star: 12 46 37.8723 -03 54 59.0910
C/A: 1.412 arcsec
P/A 26.69 deg
Velocity: -5.22 km/s
Distance: 4.61 AU
MagR: 13.3
",False
Ocultation by Sinope,07/02/2017,19:40,07/02/2017,19:40,False,"Coord Star: 12 50 38.3295 -04 14 11.7180
C/A: 1.646 arcsec
P/A 21.35 deg
Velocity: 13.42 km/s
Distance: 5.17 AU
MagR: 12.6
",False
Ocultation by Sinope,07/03/2017,05:44,07/03/2017,05:44,False,"Coord Star: 12 50 46.4853 -04 14 58.0530
C/A: 0.37 arcsec
P/A 21.36 deg
Velocity: 13.61 km/s
Distance: 5.18 AU
MagR: 14.3
",False
Ocultation by Sinope,07/11/2017,06:14,07/11/2017,06:14,False,"Coord Star: 12 53 41.4224 -04 32 07.5200
C/A: 0.36 arcsec
P/A 21.56 deg
Velocity: 17.23 km/s
Distance: 5.31 AU
MagR: 15.9
",False
Ocultation by Sinope,08/06/2017,05:59,08/06/2017,05:59,False,"Coord Star: 13 06 56.1565 -05 50 28.1760
C/A: 0.466 arcsec
P/A 201.55 deg
Velocity: 27.93 km/s
Distance: 5.7 AU
MagR: 16.6
",False
Ocultation by Sinope,08/06/2017,18:16,08/06/2017,18:16,False,"Coord Star: 13 07 14.8519 -05 52 18.5100
C/A: 0.292 arcsec
P/A 201.54 deg
Velocity: 28.12 km/s
Distance: 5.71 AU
MagR: 13.0
",False
Ocultation by Sinope,09/02/2017,18:39,09/02/2017,18:39,False,"Coord Star: 13 25 46.9095 -07 40 05.8720
C/A: 1.803 arcsec
P/A 21.06 deg
Velocity: 36.49 km/s
Distance: 6.06 AU
MagR: 13.9
",False
Ocultation by Sinope,09/18/2017,02:51,09/18/2017,02:51,False,"Coord Star: 13 37 41.7142 -08 47 28.9590
C/A: 0.762 arcsec
P/A 20.66 deg
Velocity: 39.7 km/s
Distance: 6.22 AU
MagR: 15.9
",False
Ocultation by Sinope,12/05/2017,19:16,12/05/2017,19:16,False,"Coord Star: 14 41 46.0740 -14 15 36.1850
C/A: 1.071 arcsec
P/A 197.5 deg
Velocity: 36.29 km/s
Distance: 6.34 AU
MagR: 17.0
",False
Ocultation by Sinope,12/06/2017,04:07,12/06/2017,04:07,False,"Coord Star: 14 42 02.5437 -14 16 52.5470
C/A: 0.21 arcsec
P/A 197.47 deg
Velocity: 36.2 km/s
Distance: 6.33 AU
MagR: 15.0
",False
Ocultation by Sinope,12/07/2017,20:20,12/07/2017,20:20,False,"Coord Star: 14 43 17.0691 -14 22 33.6860
C/A: 0.486 arcsec
P/A 17.42 deg
Velocity: 35.77 km/s
Distance: 6.32 AU
MagR: 15.6
",False
Ocultation by Sinope,12/10/2017,07:32,12/10/2017,07:32,False,"Coord Star: 14 45 05.5384 -14 30 47.4110
C/A: 1.839 arcsec
P/A 17.3 deg
Velocity: 35.12 km/s
Distance: 6.3 AU
MagR: 16.0
",False
Ocultation by Sinope,12/18/2017,18:53,12/18/2017,18:53,False,"Coord Star: 14 51 05.5732 -14 57 33.7590
C/A: 0.954 arcsec
P/A 16.92 deg
Velocity: 32.64 km/s
Distance: 6.22 AU
MagR: 15.5
",False
Ocultation by Triton,10/05/2017,23:51,10/05/2017,23:51,False,"Coord Star: 22 54 18.4370 -08 00 08.3390
C/A: 0.23 arcsec
P/A 347.51 deg
Velocity: -16.79 km/s
Distance: 29.08 AU
MagR: 12.3
",False
